{
  "config": "{\"version\":\"5.44\",\"themeCollection\":{\"baseTheme\":{\"name\":\"CY23SU04\",\"version\":\"5.46\",\"type\":2}},\"activeSectionIndex\":0,\"defaultDrillFilterOtherVisuals\":true,\"linguisticSchemaSyncVersion\":2,\"settings\":{\"useNewFilterPaneExperience\":true,\"allowChangeFilterTypes\":true,\"useStylableVisualContainerHeader\":true,\"queryLimitOption\":6,\"exportDataMode\":1,\"useDefaultAggregateDisplayName\":true,\"useEnhancedTooltips\":false},\"objects\":{\"section\":[{\"properties\":{\"verticalAlignment\":{\"expr\":{\"Literal\":{\"Value\":\"'Top'\"}}}}}]}}",
  "layoutOptimization": 0,
  "publicCustomVisuals": [
    "InforiverCharts582F6C55AB6442EF8FA129089285CB47"
  ],
  "resourcePackages": [
    {
      "resourcePackage": {
        "disabled": false,
        "items": [
          {
            "name": "CY23SU04",
            "path": "BaseThemes/CY23SU04.json",
            "type": 202
          }
        ],
        "name": "SharedResources",
        "type": 2
      }
    }
  ],
  "sections": [
    {
      "config": "{}",
      "displayName": "Page 1",
      "displayOption": 1,
      "filters": "[]",
      "height": 720.00,
      "name": "ReportSection",
      "visualContainers": [
        {
          "config": "{\"name\":\"db05389bf7939e671054\",\"layouts\":[{\"id\":0,\"position\":{\"x\":10.398012656621153,\"y\":0,\"z\":0,\"width\":484.25030372264234,\"height\":279.26091134925383,\"tabOrder\":0}}],\"singleVisual\":{\"visualType\":\"tableEx\",\"projections\":{\"Values\":[{\"queryRef\":\"Table.Revenue\"},{\"queryRef\":\"Table.Month\"},{\"queryRef\":\"Table.VisitorType\"},{\"queryRef\":\"Sum(Table.PageValues)\"}]},\"prototypeQuery\":{\"Version\":2,\"From\":[{\"Name\":\"t\",\"Entity\":\"Table\",\"Type\":0}],\"Select\":[{\"Column\":{\"Expression\":{\"SourceRef\":{\"Source\":\"t\"}},\"Property\":\"Revenue\"},\"Name\":\"Table.Revenue\",\"NativeReferenceName\":\"Revenue\"},{\"Column\":{\"Expression\":{\"SourceRef\":{\"Source\":\"t\"}},\"Property\":\"Month\"},\"Name\":\"Table.Month\",\"NativeReferenceName\":\"Month\"},{\"Column\":{\"Expression\":{\"SourceRef\":{\"Source\":\"t\"}},\"Property\":\"VisitorType\"},\"Name\":\"Table.VisitorType\",\"NativeReferenceName\":\"VisitorType\"},{\"Aggregation\":{\"Expression\":{\"Column\":{\"Expression\":{\"SourceRef\":{\"Source\":\"t\"}},\"Property\":\"PageValues\"}},\"Function\":0},\"Name\":\"Sum(Table.PageValues)\",\"NativeReferenceName\":\"Sum of PageValues\"}]},\"drillFilterOtherVisuals\":true}}",
          "filters": "[]",
          "height": 279.26,
          "width": 484.25,
          "x": 10.40,
          "y": 0.00,
          "z": 0.00
        }
      ],
      "width": 1280.00
    },
    {
      "config": "{}",
      "displayName": "Page 2",
      "displayOption": 1,
      "filters": "[]",
      "height": 720.00,
      "name": "ReportSection0bb7282d75cbb76652b0",
      "ordinal": 1,
      "visualContainers": [
        {
          "config": "{\"name\":\"89b3642181d08ae13479\",\"layouts\":[{\"id\":0,\"position\":{\"x\":397.5236262803464,\"y\":241.06388998924794,\"z\":1000,\"width\":484.44570199762325,\"height\":279.30960330484976,\"tabOrder\":1000}}],\"singleVisual\":{\"visualType\":\"tableEx\",\"projections\":{\"Values\":[{\"queryRef\":\"Table.Revenue\"},{\"queryRef\":\"Table.Month\"},{\"queryRef\":\"Table.VisitorType\"},{\"queryRef\":\"Sum(Table.PageValues)\"}]},\"prototypeQuery\":{\"Version\":2,\"From\":[{\"Name\":\"t\",\"Entity\":\"Table\",\"Type\":0}],\"Select\":[{\"Column\":{\"Expression\":{\"SourceRef\":{\"Source\":\"t\"}},\"Property\":\"Revenue\"},\"Name\":\"Table.Revenue\",\"NativeReferenceName\":\"Revenue\"},{\"Column\":{\"Expression\":{\"SourceRef\":{\"Source\":\"t\"}},\"Property\":\"Month\"},\"Name\":\"Table.Month\",\"NativeReferenceName\":\"Month\"},{\"Column\":{\"Expression\":{\"SourceRef\":{\"Source\":\"t\"}},\"Property\":\"VisitorType\"},\"Name\":\"Table.VisitorType\",\"NativeReferenceName\":\"VisitorType\"},{\"Aggregation\":{\"Expression\":{\"Column\":{\"Expression\":{\"SourceRef\":{\"Source\":\"t\"}},\"Property\":\"PageValues\"}},\"Function\":0},\"Name\":\"Sum(Table.PageValues)\",\"NativeReferenceName\":\"Sum of PageValues\"}]},\"drillFilterOtherVisuals\":true}}",
          "filters": "[]",
          "height": 279.31,
          "width": 484.45,
          "x": 397.52,
          "y": 241.06,
          "z": 1000.00
        },
        {
          "config": "{\"name\":\"96a7ec7af9f7de152c25\",\"layouts\":[{\"id\":0,\"position\":{\"x\":10.430649086073227,\"y\":0,\"z\":0,\"width\":310.60155056306945,\"height\":331.4628487352159,\"tabOrder\":0}}],\"singleVisual\":{\"visualType\":\"tableEx\",\"projections\":{\"Values\":[{\"queryRef\":\"Table.Revenue\"},{\"queryRef\":\"Sum(Table.ExitRates)\"}]},\"prototypeQuery\":{\"Version\":2,\"From\":[{\"Name\":\"t\",\"Entity\":\"Table\",\"Type\":0}],\"Select\":[{\"Column\":{\"Expression\":{\"SourceRef\":{\"Source\":\"t\"}},\"Property\":\"Revenue\"},\"Name\":\"Table.Revenue\",\"NativeReferenceName\":\"Revenue\"},{\"Aggregation\":{\"Expression\":{\"Column\":{\"Expression\":{\"SourceRef\":{\"Source\":\"t\"}},\"Property\":\"ExitRates\"}},\"Function\":0},\"Name\":\"Sum(Table.ExitRates)\",\"NativeReferenceName\":\"Sum of ExitRates\"}]},\"drillFilterOtherVisuals\":true}}",
          "filters": "[]",
          "height": 331.46,
          "width": 310.60,
          "x": 10.43,
          "y": 0.00,
          "z": 0.00
        }
      ],
      "width": 1280.00
    },
    {
      "config": "{}",
      "displayName": "Page 3",
      "displayOption": 1,
      "filters": "[]",
      "height": 720.00,
      "name": "ReportSection8b18c4dc4c7cc1b7508f",
      "ordinal": 2,
      "visualContainers": [
        {
          "config": "{\"name\":\"0d348279668e70cf8530\",\"layouts\":[{\"id\":0,\"position\":{\"x\":9.448891554591802,\"y\":0,\"z\":0,\"width\":670.871300376018,\"height\":485.6730259060186,\"tabOrder\":0}}],\"singleVisual\":{\"visualType\":\"InforiverCharts582F6C55AB6442EF8FA129089285CB47\",\"projections\":{\"ameasure\":[{\"queryRef\":\"Sum(Table.Informational_Duration)\"}]},\"prototypeQuery\":{\"Version\":2,\"From\":[{\"Name\":\"t\",\"Entity\":\"Table\",\"Type\":0}],\"Select\":[{\"Aggregation\":{\"Expression\":{\"Column\":{\"Expression\":{\"SourceRef\":{\"Source\":\"t\"}},\"Property\":\"Informational_Duration\"}},\"Function\":0},\"Name\":\"Sum(Table.Informational_Duration)\",\"NativeReferenceName\":\"Sum of Informational_Duration\"}]},\"drillFilterOtherVisuals\":true,\"objects\":{\"hiddenProperties\":[{\"properties\":{\"waterfallTotalLabels\":{\"expr\":{\"Literal\":{\"Value\":\"'{\\\"labels\\\":[]}'\"}}},\"persistChecker\":{\"expr\":{\"Literal\":{\"Value\":\"'{\\\"SMALL_MULTIPLES_LEGEND\\\":false,\\\"SMALL_MULTIPLES_XAXIS_LABEL_ENABLED\\\":false,\\\"SMALL_MULTIPLES_AVERAGE_PANEL\\\":false,\\\"SMALL_MULTIPLES_DEVIATION\\\":false,\\\"SMALL_MULTIPLES_TOTAL_AVERAGE\\\":false,\\\"SMALL_MULTIPLES_VARIED_ROW_SORTING\\\":false,\\\"SMALL_MULTIPLES_VARIED_PANEL_SORTING\\\":false,\\\"SMALL_MULTIPLES_GRID_SORTING\\\":false,\\\"SMALL_MULTIPLES_MATRIX_SORTING\\\":false,\\\"SMALL_MULTIPLES_AXIS_BREAK\\\":false,\\\"SMALL_MULTIPLES_VARIED_PANEL_AXIS_BREAK\\\":false,\\\"SMALL_MULTIPLES_GRID_SIZE_CHANGE\\\":false,\\\"SMALL_MULTIPLES_AXIS_VISIBILITY_CHANGE_FOR_GRID\\\":false,\\\"SMALL_MULTIPLES_AXIS_VISIBILITY_CHANGE_FOR_VARIED_ROW\\\":false,\\\"SMALL_MULTIPLES_AXIS_VISIBILITY_CHANGE_FOR_RANKING\\\":false,\\\"SMALL_MULTIPLES_FROZEN_YAXIS_DUAL_AXIS_VALIDATION_SWITCH\\\":false,\\\"SMALL_MULTIPLES_ROW_HEADER_VISIBILITY_CHANGE_FOR_RANKING\\\":false,\\\"INTEGRATED_VARIANCE_DEFAULT_TEMPLATE\\\":false,\\\"SMALL_MULTIPLES_REFERENCE_LINE_TEXT\\\":false,\\\"STACKED_LINE_DEFAULT_VALUE\\\":false,\\\"SLOPE_GRAPH_DEFAULT_VALUE\\\":false,\\\"SERIES_LABEL_DEFAULT_VALUE\\\":false,\\\"SERIES_LABEL_LINE_AREA_DEFAULT_VALUE\\\":false,\\\"ANALYTICS_DEFAULT_REFERENCE_LINE\\\":true,\\\"SERIES_NAME_DEFAULT\\\":true,\\\"YAXIS1_TITLE_DEFAULT\\\":false,\\\"DEFAULT_YAXIS_2\\\":true,\\\"SMALL_MULTIPLES_TIME_SERIES_SORTING\\\":false,\\\"STACKED_DEFAULT_SORTING\\\":false,\\\"DEFAULT_TEMPLATE\\\":true,\\\"KPI_TRELLIS_DEFAULT\\\":true,\\\"INVERT_KPI_DEFAULT_VALUE\\\":false,\\\"EXECUTIVE_FUNNEL_YAXIS\\\":false,\\\"COMBO_EXECUTIVE_FUNNEL_YAXIS\\\":false,\\\"EXECUTIVE_FUNNEL_XAXIS\\\":false,\\\"EXECUTIVE_FUNNEL_AGGREGATE_SERIES\\\":false,\\\"KPI_TRELLIS_YAXIS2_DEFAULT\\\":false,\\\"TIME_SERIES_DEVIATION_DEFAULT\\\":false,\\\"LINE_AREA_YAXIS\\\":false,\\\"SLOPE_GRAPH_YAXIS\\\":false,\\\"SMALL_MULTIPLES_AUTO_SCALE_DETECTION\\\":false,\\\"LEGEND_AS_TITLE\\\":false,\\\"DEFAULT_KPI_ONLY\\\":null,\\\"STACKED_COLUMN_APPEARANCE_DEFAULT_VALUE\\\":false,\\\"XAXIS_TITLE\\\":true,\\\"CARD_XAXIS_TITLE\\\":false,\\\"LINEAR_XAXIS_TITLE\\\":true,\\\"CARD_LINEAR_XAXIS_TITLE\\\":false,\\\"KPI_SORTBY_DEFAULT\\\":false,\\\"KPI_SORTBY_TIME_SERIES_DEFAULT\\\":false,\\\"FOCUS_MODE_RESIZE\\\":false,\\\"EXECUTIVE_FUNNEL_RANKING\\\":false,\\\"RADAR_CHART_RANKING\\\":false,\\\"RADIAL_BAR_CHART_RANKING\\\":false,\\\"SMALL_MULTIPLES_AXIS_VISIBILITY_CHANGE_FOR_MEASURE_AS_ROWS_WATERFALL\\\":false,\\\"BREAKDOWN_WATERFALL_DEVIATION\\\":false,\\\"RANKING_OTHERS_COLORS\\\":false,\\\"EXECUTIVE_FUNNEL_COMBO_TOTAL_DEFAULT\\\":false,\\\"TABLE_TOTAL_ROW_DEFAULT\\\":true,\\\"CARD_VIEW_TO_CHART_VIEW_XAXIS\\\":false,\\\"CARD_VIEW_DATA_LABEL_DEFAULT\\\":false,\\\"STACKED_COLUMN_DEVIATION\\\":false,\\\"LEGEND_ENABLED\\\":false,\\\"THEME_CHANGE\\\":true,\\\"STACKED_DEVIATION_DEFAULT\\\":false,\\\"TABLE_RANKING\\\":false,\\\"KPI_SIMPLE_PRESET_FLAG\\\":false,\\\"KPI_SINGLE_COLUMN_YAXIS\\\":false,\\\"COLUMN_AS_MEASURE_BASED_TEMPLATE\\\":false,\\\"SEMANTIC_COLOR\\\":true,\\\"TRELLIS_INDIVIDUAL_COLOR\\\":false,\\\"IBCS_BULLET_YAXIS\\\":false,\\\"KPI_YAXIS_TITLE_DEFAULT\\\":false,\\\"STACKED_CHART_LEGEND\\\":false,\\\"CATEGORY_GROUPING_TIME_SERIES\\\":false,\\\"CATEGORY_GROUPING_TOTAL_POSITION\\\":false,\\\"NF_TABLE_MODE\\\":true,\\\"DATA_LABEL_BAR_OVERLAP\\\":false,\\\"DISABLE_CATEGORY_GROUPING\\\":false,\\\"NUMBER_FORMATTING_MEASURE_NAME_ROLE_MIGRATED\\\":true,\\\"CARD_CUSTOM_TITLE_DEFAULT\\\":false,\\\"CARD_TRELLIS_LAYOUT_DEFAULT\\\":false,\\\"BOXPLOT_XAXIS_POSITION\\\":false,\\\"BOXPLOT_LINE_MARKER\\\":false,\\\"BOXPLOT_LINE_MEASURE\\\":false,\\\"LINE_MARKER_DEFAULT\\\":false,\\\"RESET_SCROLL\\\":true,\\\"IS_RANKING_MIGRATED\\\":true,\\\"AVERAGE_BAR_CARD_MODE\\\":false,\\\"CARD_SINGLE_COLUMN_POSITION\\\":false,\\\"CARD_SINGLE_COLUMN_DEFAULT_PRESET\\\":true,\\\"KPI_TRELLIS_AVERAGE_PANEL\\\":true,\\\"APPLY_MEASURE_COLOR\\\":false,\\\"TREE_MAP_STACK_DEFAULT\\\":false,\\\"LIMITED_ITEM_CHART_RANKING_DEFAULT\\\":false,\\\"MEASURE_BREAKDOWN_WATERFALL_YAXIS\\\":false,\\\"AXIS_TIME_SERIES_SORTING\\\":false,\\\"TREE_MAP_MEASURE_GROUPING\\\":false,\\\"PIE_CHART_LEGEND\\\":false,\\\"SHOW_INDIVIDUAL_CATEGORY\\\":false,\\\"HIERARCHY_CHART_RAGGED_HIERARCHY_DEFAULT\\\":false,\\\"CARD_SPLIT_RESET\\\":false,\\\"RADAR_LEGEND\\\":false,\\\"FC_AS_COMPARISON_CHANGE\\\":false,\\\"STATISTICAL_CHART_XAXIS\\\":false,\\\"DISTRIBUTION_CHART_SUPPRESS_ZERO\\\":false,\\\"CUSTOM_THEME_ANALYTICS_TRIGGER\\\":false,\\\"FILTER_CONTEXT_NOTIFICATION\\\":false,\\\"MARIMEKKO_CATEGORY_GROUPING\\\":false}'\"}}},\"yAxis\":{\"expr\":{\"Literal\":{\"Value\":\"'{\\\"yAxis1\\\":{\\\"show\\\":true,\\\"enabled\\\":true,\\\"display\\\":\\\"yAxis\\\",\\\"label\\\":{\\\"enabled\\\":true,\\\"fontSize\\\":null,\\\"fontColor\\\":\\\"#605E5C\\\",\\\"noOfDecimal\\\":null,\\\"scalingFactor\\\":\\\"auto\\\",\\\"interval\\\":{\\\"type\\\":\\\"auto\\\",\\\"value\\\":null,\\\"formattedValue\\\":null,\\\"count\\\":null},\\\"isBold\\\":false,\\\"isItalic\\\":false},\\\"title\\\":{\\\"enabled\\\":true,\\\"fontSize\\\":null,\\\"fontColor\\\":\\\"#605E5C\\\",\\\"text\\\":\\\"\\\",\\\"applyMeasureColor\\\":false,\\\"customTitle\\\":\\\"\\\"},\\\"lineWidth\\\":0,\\\"lineColor\\\":\\\"#333333\\\",\\\"offset\\\":null,\\\"scalingFactor\\\":null,\\\"gridLine\\\":{\\\"enabled\\\":true,\\\"color\\\":\\\"#e6e6e6\\\",\\\"width\\\":1,\\\"type\\\":\\\"dotted\\\"},\\\"scaleBand\\\":{\\\"enabled\\\":false,\\\"color\\\":\\\"#74B1E9\\\",\\\"fontSize\\\":11},\\\"prefix\\\":\\\"\\\",\\\"suffix\\\":\\\"\\\",\\\"customMinMax\\\":{\\\"enabled\\\":true,\\\"customMin\\\":null,\\\"customMax\\\":null,\\\"formattedCustomMax\\\":\\\"\\\",\\\"formattedCustomMin\\\":\\\"\\\"}},\\\"yAxis2\\\":{\\\"show\\\":true,\\\"enabled\\\":true,\\\"label\\\":{\\\"enabled\\\":true,\\\"fontSize\\\":null,\\\"fontColor\\\":\\\"#605E5C\\\",\\\"noOfDecimal\\\":null,\\\"scalingFactor\\\":\\\"auto\\\",\\\"interval\\\":{\\\"type\\\":\\\"auto\\\",\\\"value\\\":null,\\\"formattedValue\\\":null,\\\"count\\\":null},\\\"isBold\\\":false,\\\"isItalic\\\":false},\\\"title\\\":{\\\"enabled\\\":true,\\\"fontSize\\\":null,\\\"fontColor\\\":\\\"#605E5C\\\",\\\"text\\\":\\\"\\\",\\\"applyMeasureColor\\\":false,\\\"customTitle\\\":\\\"\\\"},\\\"lineWidth\\\":0,\\\"lineColor\\\":\\\"#333333\\\",\\\"offset\\\":null,\\\"gridLine\\\":{\\\"enabled\\\":true,\\\"color\\\":\\\"#e6e6e6\\\",\\\"width\\\":1,\\\"type\\\":\\\"dotted\\\"},\\\"scaleBand\\\":{\\\"enabled\\\":false,\\\"color\\\":\\\"#74B1E9\\\",\\\"fontSize\\\":11},\\\"customMinMax\\\":{\\\"enabled\\\":true,\\\"customMin\\\":null,\\\"customMax\\\":null,\\\"formattedCustomMax\\\":\\\"\\\",\\\"formattedCustomMin\\\":\\\"\\\"}}}'\"}}},\"totalAvgSeries\":{\"expr\":{\"Literal\":{\"Value\":\"'{\\\"tooltipTotal\\\":{}}'\"}}},\"chartsMode\":{\"expr\":{\"Literal\":{\"Value\":\"'{\\\"visualMode\\\":\\\"CHART\\\"}'\"}}},\"template\":{\"expr\":{\"Literal\":{\"Value\":\"'{\\\"instanceId\\\":\\\"DEFAULT_VISUAL_INSTANCE\\\",\\\"id\\\":\\\"COLUMN_VERTICAL\\\",\\\"previousId\\\":\\\"COLUMN_VERTICAL\\\",\\\"rendererType\\\":\\\"columnChart\\\",\\\"chartType\\\":\\\"columnChart\\\",\\\"chartOrientation\\\":\\\"vertical\\\",\\\"groupInfo\\\":{\\\"groupType\\\":\\\"actual\\\",\\\"previousGroupType\\\":\\\"actual\\\",\\\"groupId\\\":\\\"NO_GROUP\\\",\\\"previousGroupId\\\":\\\"NO_GROUP\\\",\\\"expandedGroupMeta\\\":{\\\"expandedGroupId\\\":null,\\\"previousExpandedGroupId\\\":null,\\\"parentGroupId\\\":null,\\\"allSelectedFieldQueryNames\\\":[]}},\\\"lineSubChartType\\\":\\\"default\\\",\\\"actualChartType\\\":\\\"groupedBar\\\",\\\"groupedBarEnabled\\\":true,\\\"varianceWaterfallEnabled\\\":true,\\\"templateChanged\\\":false,\\\"isOrientChanged\\\":false,\\\"fromLandingPage\\\":false,\\\"fromToolbar\\\":false,\\\"isUserChangedTemplateID\\\":true,\\\"isTrellisMenuChanged\\\":false,\\\"summaryTable\\\":false,\\\"tableLayout\\\":\\\"tableOnly\\\",\\\"totalSummaryTable\\\":false,\\\"lockedTemplateId\\\":\\\"\\\"}'\"}}},\"matrixSorting\":{\"expr\":{\"Literal\":{\"Value\":\"'{\\\"row\\\":[{\\\"applyTo\\\":\\\"<--MIGRATION-FILLER-->\\\"}],\\\"column\\\":[{\\\"applyTo\\\":\\\"<--MIGRATION-FILLER-->\\\"}]}'\"}}},\"kpiControls\":{\"expr\":{\"Literal\":{\"Value\":\"'{\\\"instanceId\\\":null,\\\"layout\\\":0,\\\"preset\\\":0,\\\"kpiFitMode\\\":\\\"Content\\\",\\\"validPresetMeta\\\":{\\\"preset\\\":null,\\\"width\\\":null,\\\"height\\\":null},\\\"isLayoutEdited\\\":false,\\\"isResponsiveTrellis\\\":false,\\\"title\\\":{\\\"enabled\\\":true,\\\"style\\\":{\\\"fontSize\\\":14,\\\"fontWeight\\\":\\\"bold\\\",\\\"color\\\":\\\"#000000\\\"},\\\"prefix\\\":{\\\"enabled\\\":true,\\\"value\\\":\\\"\\\"},\\\"suffix\\\":{\\\"enabled\\\":true,\\\"value\\\":\\\"\\\"}},\\\"total\\\":{\\\"enabled\\\":true,\\\"value\\\":{\\\"measure\\\":null,\\\"type\\\":\\\"total\\\",\\\"isDefaultType\\\":true},\\\"style\\\":{\\\"fontSize\\\":18,\\\"fontWeight\\\":\\\"bold\\\",\\\"color\\\":\\\"#000000\\\"}},\\\"variance\\\":{\\\"showVariance\\\":false,\\\"value\\\":true,\\\"percentage\\\":true,\\\"icon\\\":{\\\"enabled\\\":true,\\\"variableSize\\\":false,\\\"positiveIcon\\\":{\\\"value\\\":\\\"triangle-up\\\",\\\"isCustomIcon\\\":false,\\\"customIconValue\\\":\\\"\\\"},\\\"negativeIcon\\\":{\\\"value\\\":\\\"triangle-down\\\",\\\"isCustomIcon\\\":false,\\\"customIconValue\\\":\\\"\\\"}},\\\"colors\\\":{\\\"positive\\\":\\\"\\\",\\\"negative\\\":\\\"\\\"},\\\"style\\\":{\\\"fontSize\\\":15,\\\"fontWeight\\\":\\\"normal\\\",\\\"color\\\":\\\"#000000\\\"},\\\"border\\\":{\\\"width\\\":1,\\\"position\\\":\\\"none\\\",\\\"measureKey\\\":\\\"\\\"},\\\"varianceDisplay\\\":\\\"percentage\\\",\\\"showVarianceColorBorder\\\":false},\\\"gridLayout\\\":null,\\\"gridContainer\\\":null,\\\"isLayoutModified\\\":false,\\\"groupID\\\":\\\"NO_GROUP\\\",\\\"hasStateChange\\\":false,\\\"minimalDimension\\\":{\\\"height\\\":null,\\\"width\\\":null},\\\"isMinimalView\\\":false,\\\"minimalViewConfig\\\":\\\"auto\\\",\\\"isDefaultMinimalViewConfig\\\":true,\\\"individualKpiControls\\\":{},\\\"measures\\\":{\\\"varianceMeasures\\\":[],\\\"variancePercentageMeasures\\\":[]},\\\"isSimplePreset\\\":true,\\\"isAutoLayout\\\":false,\\\"isDefaultPreset\\\":false,\\\"isDefaultLayout\\\":true,\\\"responsiveFontSize\\\":true,\\\"prevResponsiveFontSize\\\":true}'\"}}},\"comparisonMeasureMapping\":{\"expr\":{\"Literal\":{\"Value\":\"'{\\\"config\\\":{},\\\"allMeasures\\\":[],\\\"storedConfig\\\":{},\\\"defaultBucket\\\":\\\"AC\\\",\\\"columnAsMeasureEnabled\\\":false,\\\"queryNames\\\":[],\\\"standardNotation\\\":false,\\\"trace\\\":{},\\\"pickedCategories\\\":[],\\\"runtimeRewire\\\":false,\\\"tooltipMeasuresConfig\\\":{},\\\"textMeasuresConfig\\\":{}}'\"}}},\"commonSettings\":{\"expr\":{\"Literal\":{\"Value\":\"'{\\\"expandCollapse\\\":true,\\\"categoryGrouping\\\":true,\\\"aggregationType\\\":0,\\\"raggedHierarchy\\\":false,\\\"singleChild\\\":0,\\\"swapColumns\\\":false,\\\"applyPLAsNull\\\":false,\\\"showFCAsComparison\\\":true,\\\"seriesNameConfig\\\":{\\\"enabled\\\":false},\\\"showAxisBreak\\\":true,\\\"showCategoryDeviation\\\":true,\\\"categoryDeviationShape\\\":\\\"circle\\\",\\\"categoryDeviationBorderRadius\\\":5,\\\"categoryDeviationFontSize\\\":10,\\\"categoryDeviationAutoFontColor\\\":true,\\\"categoryDeviationFontColor\\\":\\\"#000000\\\",\\\"categoryDeviationLabel\\\":\\\"percentage\\\",\\\"categoryDeviationLineWidth\\\":5,\\\"categoryDeviationBackgroundTransparency\\\":0,\\\"categoryDeviationLabelBackground\\\":\\\"withBorder\\\",\\\"categoryDeviationBackground\\\":true,\\\"categoryDeviationBackgroundColor\\\":\\\"#0070c0\\\",\\\"showDirectionArrow\\\":true,\\\"directionArrowSize\\\":5,\\\"rowNullSuppression\\\":true,\\\"rowZeroSuppression\\\":false,\\\"treatNullAsZero\\\":false,\\\"suppressNullVariance\\\":true,\\\"includeNullInCalculations\\\":false,\\\"includeBlankInCalculations\\\":false,\\\"varianceLabelType\\\":\\\"variance\\\",\\\"showInflation\\\":false,\\\"skipLines\\\":{\\\"enabled\\\":false,\\\"step\\\":4},\\\"categorySign\\\":false,\\\"alignAxis\\\":true,\\\"footer\\\":{\\\"enabled\\\":false,\\\"text\\\":\\\"Please visit inforiver.com for licensing.\\\",\\\"url\\\":\\\"https://inforiver.com/\\\",\\\"showInfoRiverLogo\\\":false},\\\"exportQuality\\\":4,\\\"titleWithSeriesLabel\\\":\\\"none\\\",\\\"showAreaChart\\\":false,\\\"areaFillColor\\\":\\\"#dddddd\\\",\\\"areaTransparency\\\":0,\\\"showExecutiveFunnelBubble\\\":false,\\\"bubbleValueType\\\":\\\"percentage\\\",\\\"bubbleConnectingLineColor\\\":\\\"#dddddd\\\",\\\"bubbleConnectingLineWidth\\\":5,\\\"showHelperTooltips\\\":true,\\\"showWarningToasts\\\":true,\\\"varianceInTooltip\\\":true,\\\"varianceTooltipType\\\":\\\"both\\\",\\\"exportData\\\":{\\\"isVisible\\\":false,\\\"maskData\\\":false},\\\"showAxisBreakGradient\\\":true,\\\"synchronizeHighlight\\\":true,\\\"dragSelection\\\":\\\"off\\\",\\\"showInLineZoomAndLasso\\\":false,\\\"zoomType\\\":\\\"auto\\\",\\\"showDataLabelOnHighlight\\\":true,\\\"showMarkerOnHighlight\\\":true,\\\"applyHighlightedDataLabelColor\\\":false,\\\"highlightedDataLabelColor\\\":\\\"#000000\\\",\\\"applyHighlightedMarkerColor\\\":false,\\\"highlightedMarkerColor\\\":\\\"#000000\\\",\\\"savePropertyAgainstRole\\\":false,\\\"enableSharedTooltip\\\":true,\\\"showSummaryTableIcon\\\":false,\\\"applyBarHighlightedColor\\\":false,\\\"fadeOutOpacity\\\":0.3,\\\"isUserChangedBGColor\\\":false,\\\"prevHighContrastColor\\\":\\\"\\\",\\\"enableChartsAnimation\\\":false,\\\"hideAdvancePivot\\\":false,\\\"enableLineBorderHoverColor\\\":false,\\\"lineBorderHoverColor\\\":\\\"#000000\\\",\\\"showOthersDetails\\\":false,\\\"lineHoverCrossHighlightType\\\":\\\"individual\\\",\\\"enableLogger\\\":false,\\\"titleMode\\\":\\\"auto\\\",\\\"reportTitle\\\":\\\"\\\",\\\"showDataLabelAsSubTitle\\\":false,\\\"shouldLockTemplate\\\":true,\\\"lockFieldType\\\":\\\"fieldLevel\\\",\\\"groupStyleBasedOn\\\":\\\"id\\\"}'\"}}},\"ranking\":{\"expr\":{\"Literal\":{\"Value\":\"'{\\\"enabled\\\":false,\\\"type\\\":\\\"off\\\",\\\"noOfItems\\\":5,\\\"filterBy\\\":\\\"Sum(Table.Informational_Duration)\\\",\\\"showOthers\\\":false,\\\"customOthersColor\\\":false,\\\"othersColorConfig\\\":{\\\"AC\\\":\\\"#1470E8\\\",\\\"PY\\\":\\\"#99C2F6\\\",\\\"PL\\\":\\\"#1470E8\\\",\\\"FC\\\":\\\"#1470E8\\\",\\\"AC1\\\":\\\"#FFA34F\\\",\\\"AC2\\\":\\\"#4EC0C3\\\",\\\"AC3\\\":\\\"#9EDAE5\\\",\\\"AC4\\\":\\\"#7F7F7F\\\",\\\"AC5\\\":\\\"#C7C7C7\\\",\\\"AC6\\\":\\\"#8C564B\\\",\\\"AC7\\\":\\\"#C49C94\\\",\\\"AC8\\\":\\\"#9467BD\\\",\\\"AC9\\\":\\\"#C5B0D5\\\",\\\"AC10\\\":\\\"#E377C2\\\",\\\"AC11\\\":\\\"#F7B6D2\\\",\\\"AC12\\\":\\\"#9381FF\\\",\\\"AC13\\\":\\\"#B8B8FF\\\",\\\"AC14\\\":\\\"#FF9896\\\",\\\"AC15\\\":\\\"#5F77A0\\\",\\\"AC16\\\":\\\"#9FADC6\\\",\\\"AC17\\\":\\\"#C577B2\\\",\\\"AC18\\\":\\\"#B7BC5C\\\",\\\"AC19\\\":\\\"#858838\\\",\\\"AC20\\\":\\\"#B090DF\\\",\\\"AC21\\\":\\\"#E58E6C\\\",\\\"AC22\\\":\\\"#EEB6A0\\\",\\\"AC23\\\":\\\"#DEB841\\\",\\\"AC24\\\":\\\"#EDD897\\\",\\\"AC25\\\":\\\"#3885B3\\\",\\\"AC26\\\":\\\"#92C1DD\\\",\\\"AC27\\\":\\\"#D9A6CC\\\",\\\"AC28\\\":\\\"#FFC814\\\",\\\"AC29\\\":\\\"#FFE180\\\",\\\"Quartile\\\":\\\"#818181\\\",\\\"MedianLine\\\":\\\"#46D5F4\\\",\\\"Whisker\\\":\\\"#575757\\\",\\\"OverlappedBoxQuartile\\\":\\\"#C6C6C6\\\",\\\"Ø\\\":null},\\\"isPercent\\\":false,\\\"topNPercent\\\":20,\\\"othersLabel\\\":\\\"Other\\\",\\\"labelSuffix\\\":[\\\"category\\\",\\\"itemsCount\\\"],\\\"isDefaultValue\\\":true,\\\"isResetValue\\\":false,\\\"isDefaultLabelSuffix\\\":true}'\"}}},\"stackRanking\":{\"expr\":{\"Literal\":{\"Value\":\"'{\\\"enabled\\\":false,\\\"type\\\":\\\"off\\\",\\\"noOfItems\\\":5,\\\"filterBy\\\":\\\"Sum(Table.Informational_Duration)\\\",\\\"showOthers\\\":false,\\\"isPercent\\\":false,\\\"topNPercent\\\":20,\\\"othersLabel\\\":\\\"Other\\\",\\\"labelSuffix\\\":[\\\"category\\\",\\\"itemsCount\\\"],\\\"isDefaultValue\\\":true,\\\"isResetValue\\\":false}'\"}}},\"panelRanking\":{\"expr\":{\"Literal\":{\"Value\":\"'{\\\"enabled\\\":false,\\\"type\\\":\\\"off\\\",\\\"noOfItems\\\":5,\\\"filterBy\\\":\\\"Sum(Table.Informational_Duration)\\\",\\\"showOthers\\\":false,\\\"isPercent\\\":false,\\\"topNPercent\\\":20,\\\"othersLabel\\\":\\\"Other\\\",\\\"labelSuffix\\\":[\\\"category\\\",\\\"itemsCount\\\"],\\\"isDefaultValue\\\":true}'\"}}},\"appearance\":{\"expr\":{\"Literal\":{\"Value\":\"'{\\\"charts\\\":{\\\"chartOrientation\\\":\\\"vertical\\\",\\\"seriesLabel\\\":{\\\"enabled\\\":false,\\\"showConnectingLine\\\":true},\\\"theme\\\":\\\"whiteAndBlue\\\",\\\"previousTheme\\\":\\\"whiteAndBlue\\\",\\\"isDefaultMeta\\\":{\\\"theme\\\":true},\\\"showFCLine\\\":true,\\\"fcLinePosition\\\":\\\"middle\\\",\\\"isStandardTheme\\\":false,\\\"chartBackground\\\":\\\"#ffffff\\\",\\\"globalFontStyle\\\":{\\\"fontFamily\\\":\\\"\\\\\\\"Segoe UI\\\\\\\", wf_segoe-ui_normal, helvetica, arial, sans-serif\\\",\\\"fontSize\\\":null,\\\"fontWeight\\\":\\\"normal\\\",\\\"fontStyle\\\":\\\"normal\\\",\\\"underline\\\":false,\\\"fontColor\\\":\\\"\\\",\\\"responsiveFontSize\\\":true},\\\"individualColor\\\":false,\\\"measuresStyle\\\":{\\\"Ø\\\":{\\\"lineArea\\\":{\\\"marker\\\":{}},\\\"outlineRect\\\":{},\\\"lollipop\\\":{\\\"marker\\\":{}},\\\"radar\\\":{\\\"seriesType\\\":\\\"line\\\",\\\"marker\\\":{\\\"enabled\\\":true,\\\"useSeriesColor\\\":false,\\\"size\\\":6,\\\"type\\\":\\\"circleFilled\\\"}}},\\\"TT\\\":{\\\"lineArea\\\":{\\\"marker\\\":{}},\\\"outlineRect\\\":{},\\\"lollipop\\\":{\\\"marker\\\":{}},\\\"radar\\\":{\\\"seriesType\\\":\\\"line\\\",\\\"marker\\\":{\\\"enabled\\\":true,\\\"useSeriesColor\\\":false,\\\"size\\\":6,\\\"type\\\":\\\"circleFilled\\\"}}},\\\"Sum(Table.Informational_Duration)\\\":{\\\"lineArea\\\":{\\\"marker\\\":{}},\\\"outlineRect\\\":{},\\\"lollipop\\\":{\\\"marker\\\":{}},\\\"radar\\\":{\\\"seriesType\\\":\\\"line\\\",\\\"marker\\\":{\\\"enabled\\\":true,\\\"useSeriesColor\\\":false,\\\"size\\\":6,\\\"type\\\":\\\"circleFilled\\\"}}},\\\"AC\\\":{\\\"fillColor\\\":\\\"#1F77B4\\\",\\\"borderColor\\\":\\\"#1F77B4\\\",\\\"highlightColor\\\":\\\"#0E4FA2\\\",\\\"borderWidth\\\":1,\\\"borderStyle\\\":\\\"solid\\\",\\\"pattern\\\":\\\"solid\\\",\\\"stackedPattern\\\":\\\"solid\\\",\\\"lineArea\\\":{\\\"borderColor\\\":\\\"#1F77B4\\\",\\\"borderGradient\\\":false,\\\"fillColor\\\":\\\"#1F77B4\\\",\\\"fillGradient\\\":false,\\\"lineStyle\\\":\\\"solid\\\",\\\"lineThickness\\\":3,\\\"marker\\\":{\\\"enabled\\\":true,\\\"useSeriesColor\\\":false,\\\"color\\\":\\\"#1F77B4\\\",\\\"size\\\":6,\\\"type\\\":\\\"circleFilled\\\"},\\\"lineChartPlacement\\\":\\\"infront\\\",\\\"areaChartPlacement\\\":\\\"behind\\\"},\\\"outlineRect\\\":{\\\"showOutlineRect\\\":false,\\\"fillColor\\\":\\\"transparent\\\",\\\"borderColor\\\":\\\"#DDDDDD\\\"},\\\"lollipop\\\":{\\\"lineStyle\\\":\\\"solid\\\",\\\"lineThickness\\\":2,\\\"marker\\\":{\\\"enabled\\\":true,\\\"useSeriesColor\\\":false,\\\"color\\\":\\\"#1F77B4\\\",\\\"size\\\":6,\\\"type\\\":\\\"circleFilled\\\"}},\\\"radar\\\":{\\\"seriesType\\\":\\\"line\\\",\\\"marker\\\":{\\\"enabled\\\":true,\\\"useSeriesColor\\\":false,\\\"color\\\":\\\"#1F77B4\\\",\\\"size\\\":6,\\\"type\\\":\\\"circleFilled\\\"}}}},\\\"groupStyle\\\":{},\\\"categoryStyle\\\":{},\\\"specialChartCategoryStyle\\\":{},\\\"markerSeries\\\":null,\\\"variance\\\":{\\\"colors\\\":{\\\"positive\\\":\\\"#82ba00\\\",\\\"negative\\\":\\\"#ff000a\\\"},\\\"varianceDisplay\\\":\\\"bar\\\",\\\"switchComparison\\\":false,\\\"measureCombination\\\":null,\\\"varianceFillType\\\":\\\"area\\\",\\\"varianceCustomization\\\":{\\\"enabled\\\":true,\\\"marker\\\":{\\\"color\\\":\\\"#262626\\\",\\\"type\\\":\\\"squareFilled\\\"},\\\"variancePercentage\\\":{\\\"min\\\":0,\\\"max\\\":0},\\\"semanticAxis\\\":\\\"thin\\\",\\\"varianceMarkerSize\\\":\\\"mini\\\"},\\\"varianceLineSize\\\":4},\\\"waterfall\\\":{\\\"intermediateSumBar\\\":{\\\"fillColor\\\":\\\"#4472c4\\\",\\\"borderColor\\\":\\\"#4472c4\\\",\\\"highlightColor\\\":\\\"#4472c4\\\",\\\"pattern\\\":\\\"solid\\\",\\\"stackedPattern\\\":\\\"solid\\\",\\\"borderStyle\\\":\\\"solid\\\",\\\"borderWidth\\\":1},\\\"summationBar\\\":{\\\"fillColor\\\":\\\"#4472c4\\\",\\\"borderColor\\\":\\\"#4472c4\\\",\\\"highlightColor\\\":\\\"#4472c4\\\",\\\"pattern\\\":\\\"solid\\\",\\\"stackedPattern\\\":\\\"solid\\\",\\\"borderStyle\\\":\\\"solid\\\",\\\"borderWidth\\\":1},\\\"connectorLine\\\":{\\\"enabled\\\":true,\\\"fillColor\\\":\\\"#707070\\\",\\\"lineStyle\\\":\\\"solid\\\",\\\"lineThickness\\\":1},\\\"isVarianceEnabled\\\":true,\\\"isGrandTotalEnabled\\\":true,\\\"isInterimTotalEnabled\\\":true,\\\"breakDownType\\\":\\\"simple\\\",\\\"breakDownTotal\\\":false,\\\"breakDownSubTotal\\\":true,\\\"stackColorType\\\":\\\"stack\\\",\\\"breakdownVariance\\\":{\\\"enabled\\\":false,\\\"colors\\\":{\\\"positive\\\":\\\"#82ba00\\\",\\\"negative\\\":\\\"#ff000a\\\"}},\\\"subgroupType\\\":\\\"continuous\\\"},\\\"lineArea\\\":{\\\"marker\\\":{\\\"enabled\\\":true,\\\"useSeriesColor\\\":false,\\\"size\\\":4,\\\"type\\\":\\\"circleFilled\\\",\\\"color\\\":\\\"#A6A6A6\\\",\\\"display\\\":\\\"limited\\\",\\\"minColor\\\":\\\"#ff0000\\\",\\\"maxColor\\\":\\\"#008000\\\",\\\"interval\\\":2,\\\"isCategoryDisplay\\\":true,\\\"outlier\\\":false,\\\"outlierPercentage\\\":20,\\\"outlierColor\\\":\\\"#ff4400\\\"},\\\"lineType\\\":\\\"line\\\",\\\"connectOverNull\\\":false,\\\"skipZeros\\\":false,\\\"isVarianceEnabled\\\":false,\\\"varianceType\\\":\\\"average\\\",\\\"chartPlacement\\\":\\\"behind\\\",\\\"lineChartPlacement\\\":\\\"infront\\\",\\\"areaTransparency\\\":85,\\\"constant\\\":null,\\\"percentile\\\":50,\\\"stddev\\\":1,\\\"splineType\\\":\\\"curveMonotoneX\\\",\\\"curveBundleBeta\\\":100,\\\"curveCardinalTension\\\":50},\\\"slopegraph\\\":{\\\"colorType\\\":\\\"trends\\\",\\\"topNTrend\\\":{\\\"enabled\\\":true,\\\"upTrendCount\\\":1,\\\"downTrendCount\\\":1},\\\"trendColor\\\":{\\\"upTrendColor\\\":\\\"#82ba00\\\",\\\"downTrendColor\\\":\\\"#ff000a\\\",\\\"neutralTrendColor\\\":\\\"#7F7F7F\\\"},\\\"verticalAxisLine\\\":{\\\"enabled\\\":true,\\\"lineStyle\\\":\\\"solid\\\",\\\"lineThickness\\\":1,\\\"color\\\":\\\"#7F7F7F\\\"},\\\"connector\\\":{\\\"markerAsConnector\\\":true,\\\"markerTrendColor\\\":true},\\\"groupSelection\\\":{\\\"selectedGroups\\\":[]},\\\"seriesLabelTrendColor\\\":true},\\\"table\\\":{\\\"fitMode\\\":\\\"Best fit\\\",\\\"syncScroll\\\":false,\\\"columnText\\\":{},\\\"totalRowText\\\":null,\\\"rowHighLight\\\":{\\\"type\\\":\\\"off\\\",\\\"oddRow\\\":\\\"#FFFFFF\\\",\\\"evenRow\\\":\\\"#F4F8FB\\\",\\\"cell\\\":\\\"#FFFFFF\\\",\\\"rowHeader\\\":\\\"#FFFFFF\\\",\\\"values\\\":\\\"#F4F8FB\\\",\\\"applyToHeader\\\":true},\\\"tableTemplate\\\":\\\"default\\\",\\\"previousTableTemplate\\\":\\\"default\\\",\\\"indentSpacing\\\":10,\\\"isDefaultTableTemplate\\\":true},\\\"marimekko\\\":{\\\"showBorder\\\":true,\\\"borderColor\\\":\\\"#ffffff\\\",\\\"borderSize\\\":1},\\\"bubbleScatter\\\":{\\\"sizeRange\\\":{\\\"min\\\":null,\\\"max\\\":null},\\\"colorBy\\\":\\\"auto\\\"},\\\"trellisIndividualColor\\\":false,\\\"globalAutoFontColor\\\":false,\\\"individualCategoryColor\\\":false,\\\"showSpecialChartCategoryColor\\\":false,\\\"waterfallFormatType\\\":\\\"variance\\\",\\\"isStdThemeFromLandingPage\\\":false,\\\"overFlowColorHandlingType\\\":\\\"module\\\",\\\"opacity\\\":true}}'\"}}},\"sorting\":{\"expr\":{\"Literal\":{\"Value\":\"'{\\\"sortBy\\\":\\\"Sum(Table.Informational_Duration)\\\",\\\"sortType\\\":\\\"reset\\\",\\\"includeOtherInSort\\\":false,\\\"isDefaultValue\\\":false}'\"}}},\"dataLabel\":{\"expr\":{\"Literal\":{\"Value\":\"'{\\\"labelStyle\\\":{\\\"default\\\":{\\\"enabled\\\":true,\\\"display\\\":\\\"limited\\\",\\\"outlier\\\":false,\\\"outlierPercentage\\\":20,\\\"outlierColor\\\":\\\"#ff4400\\\",\\\"varianceDisplay\\\":\\\"minMax\\\",\\\"minColor\\\":\\\"#333333\\\",\\\"maxColor\\\":\\\"#333333\\\",\\\"interval\\\":2,\\\"position\\\":\\\"auto\\\",\\\"executiveFunnelLabelType\\\":\\\"valuePercentage\\\",\\\"horizontalPosition\\\":\\\"auto\\\",\\\"stackedPosition\\\":\\\"auto\\\",\\\"valuePosition\\\":\\\"auto\\\",\\\"barOverlap\\\":false,\\\"percentagePosition\\\":\\\"auto\\\",\\\"categoryPosition\\\":\\\"auto\\\",\\\"valuePositionHorizontal\\\":\\\"auto\\\",\\\"percentagePositionHorizontal\\\":\\\"auto\\\",\\\"categoryPositionHorizontal\\\":\\\"auto\\\",\\\"percentageStackedLabelType\\\":\\\"value\\\",\\\"stackedHorizontalPosition\\\":\\\"auto\\\",\\\"slopePosition\\\":\\\"auto\\\",\\\"boxPlotPosition\\\":\\\"inside\\\",\\\"contrastColor\\\":true,\\\"fontSize\\\":10,\\\"userChangeFontSize\\\":10,\\\"isUserChangedFontSize\\\":false,\\\"fontColor\\\":\\\"#333333\\\",\\\"background\\\":\\\"transparent\\\",\\\"showBackgroundColor\\\":true,\\\"offset\\\":0,\\\"posNegSplit\\\":false,\\\"isCategoryDisplay\\\":false,\\\"isSeriesDisplay\\\":true,\\\"fontStyle\\\":{\\\"isBold\\\":false,\\\"isItalic\\\":false,\\\"isUnderLine\\\":false},\\\"commonFontStyle\\\":{\\\"isBold\\\":false,\\\"isItalic\\\":false},\\\"orientation\\\":0,\\\"slopeDisplay\\\":\\\"none\\\",\\\"isUserChangedContrastColor\\\":false,\\\"mariMekko\\\":{\\\"basedOn\\\":\\\"height\\\",\\\"labelDisplay\\\":\\\"heightWidth\\\",\\\"category\\\":{\\\"categoryPosition\\\":\\\"auto\\\",\\\"categoryPositionHorizontal\\\":\\\"auto\\\"},\\\"width\\\":{\\\"displayType\\\":\\\"percentage\\\",\\\"displayFormat\\\":\\\"inLine\\\",\\\"primaryLabelPosition\\\":\\\"outsideTop\\\",\\\"secondaryLabelPosition\\\":\\\"outsideTop\\\",\\\"primaryLabelPositionHorizontal\\\":\\\"outsideRight\\\",\\\"secondaryLabelPositionHorizontal\\\":\\\"outsideRight\\\"},\\\"height\\\":{\\\"displayType\\\":\\\"value\\\",\\\"displayFormat\\\":\\\"inLine\\\",\\\"primaryLabelPosition\\\":\\\"outsideTop\\\",\\\"secondaryLabelPosition\\\":\\\"outsideTop\\\",\\\"primaryLabelPositionHorizontal\\\":\\\"outsideRight\\\",\\\"secondaryLabelPositionHorizontal\\\":\\\"outsideRight\\\"}},\\\"stackedMarimekko\\\":{\\\"basedOn\\\":\\\"height\\\",\\\"labelDisplay\\\":\\\"height\\\",\\\"category\\\":{\\\"categoryPosition\\\":\\\"auto\\\",\\\"categoryPositionHorizontal\\\":\\\"auto\\\"},\\\"width\\\":{\\\"displayType\\\":\\\"percentage\\\",\\\"displayFormat\\\":\\\"inLine\\\",\\\"primaryLabelPosition\\\":\\\"outsideTop\\\",\\\"secondaryLabelPosition\\\":\\\"outsideTop\\\",\\\"primaryLabelPositionHorizontal\\\":\\\"outsideRight\\\",\\\"secondaryLabelPositionHorizontal\\\":\\\"outsideRight\\\"},\\\"height\\\":{\\\"displayType\\\":\\\"both\\\",\\\"displayFormat\\\":\\\"block\\\",\\\"primaryLabelPosition\\\":\\\"insideCenter\\\",\\\"secondaryLabelPosition\\\":\\\"insideCenter\\\",\\\"primaryLabelPositionHorizontal\\\":\\\"insideCenter\\\",\\\"secondaryLabelPositionHorizontal\\\":\\\"insideCenter\\\"}},\\\"treeMap\\\":{\\\"displayType\\\":\\\"categoryAndValue\\\",\\\"orientLabel\\\":true,\\\"labelSkipWidth\\\":12,\\\"displayFormat\\\":\\\"block\\\"},\\\"funnel\\\":{\\\"displayType\\\":\\\"categoryValue\\\",\\\"percentageType\\\":\\\"contribution\\\",\\\"categoryPosition\\\":\\\"inside\\\",\\\"valuePosition\\\":\\\"inside\\\",\\\"displayFormat\\\":\\\"inLine\\\",\\\"groupCategoryDisplayType\\\":\\\"category\\\",\\\"groupCategoryDisplayFormat\\\":\\\"inLine\\\"},\\\"pie\\\":{\\\"basedOn\\\":\\\"size\\\",\\\"labelDisplay\\\":\\\"size\\\",\\\"categoryPosition\\\":\\\"outside\\\",\\\"size\\\":{\\\"displayType\\\":\\\"both\\\",\\\"displayFormat\\\":\\\"block\\\",\\\"primaryLabelPosition\\\":\\\"inside\\\",\\\"secondaryLabelPosition\\\":\\\"inside\\\"},\\\"radius\\\":{\\\"displayType\\\":\\\"both\\\",\\\"displayFormat\\\":\\\"block\\\",\\\"primaryLabelPosition\\\":\\\"inside\\\",\\\"secondaryLabelPosition\\\":\\\"inside\\\"},\\\"imageCategory\\\":\\\"none\\\",\\\"imagePosition\\\":\\\"outside\\\",\\\"imageSize\\\":25},\\\"isResponsiveOrientation\\\":false,\\\"allowOverlap\\\":false,\\\"totalText\\\":\\\"Total\\\",\\\"totalTextDisplay\\\":\\\"all\\\",\\\"labelFormat\\\":{\\\"valueType\\\":[{\\\"value\\\":\\\"value\\\",\\\"label\\\":\\\"default - value\\\",\\\"measureKey\\\":\\\"default\\\",\\\"measureName\\\":\\\"default\\\"}],\\\"displayFormat\\\":{\\\"showInline\\\":false,\\\"displayType\\\":[],\\\"separatorType\\\":\\\"bracket\\\"},\\\"label1\\\":{\\\"verticalPosition\\\":\\\"auto\\\",\\\"horizontalPosition\\\":\\\"auto\\\",\\\"format\\\":{\\\"isBold\\\":null,\\\"isItalic\\\":null,\\\"fontSize\\\":null,\\\"fontColor\\\":null}},\\\"label2\\\":{\\\"verticalPosition\\\":\\\"auto\\\",\\\"horizontalPosition\\\":\\\"auto\\\",\\\"format\\\":{\\\"isBold\\\":null,\\\"isItalic\\\":null,\\\"fontSize\\\":null,\\\"fontColor\\\":null}},\\\"label3\\\":{\\\"verticalPosition\\\":\\\"auto\\\",\\\"horizontalPosition\\\":\\\"auto\\\",\\\"format\\\":{\\\"isBold\\\":null,\\\"isItalic\\\":null,\\\"fontSize\\\":null,\\\"fontColor\\\":null}}}},\\\"Ø\\\":{\\\"enabled\\\":true,\\\"display\\\":\\\"limited\\\",\\\"outlier\\\":false,\\\"outlierPercentage\\\":20,\\\"outlierColor\\\":\\\"#ff4400\\\",\\\"varianceDisplay\\\":\\\"minMax\\\",\\\"minColor\\\":\\\"#333333\\\",\\\"maxColor\\\":\\\"#333333\\\",\\\"interval\\\":2,\\\"position\\\":\\\"auto\\\",\\\"executiveFunnelLabelType\\\":\\\"valuePercentage\\\",\\\"horizontalPosition\\\":\\\"auto\\\",\\\"stackedPosition\\\":\\\"auto\\\",\\\"valuePosition\\\":\\\"auto\\\",\\\"barOverlap\\\":false,\\\"percentagePosition\\\":\\\"auto\\\",\\\"categoryPosition\\\":\\\"auto\\\",\\\"valuePositionHorizontal\\\":\\\"auto\\\",\\\"percentagePositionHorizontal\\\":\\\"auto\\\",\\\"categoryPositionHorizontal\\\":\\\"auto\\\",\\\"percentageStackedLabelType\\\":\\\"value\\\",\\\"stackedHorizontalPosition\\\":\\\"auto\\\",\\\"slopePosition\\\":\\\"auto\\\",\\\"boxPlotPosition\\\":\\\"inside\\\",\\\"contrastColor\\\":true,\\\"fontSize\\\":10,\\\"userChangeFontSize\\\":10,\\\"isUserChangedFontSize\\\":false,\\\"fontColor\\\":\\\"#333333\\\",\\\"background\\\":\\\"transparent\\\",\\\"showBackgroundColor\\\":true,\\\"offset\\\":0,\\\"posNegSplit\\\":false,\\\"isCategoryDisplay\\\":false,\\\"isSeriesDisplay\\\":true,\\\"fontStyle\\\":{\\\"isBold\\\":false,\\\"isItalic\\\":false,\\\"isUnderLine\\\":false},\\\"commonFontStyle\\\":{\\\"isBold\\\":false,\\\"isItalic\\\":false},\\\"orientation\\\":0,\\\"slopeDisplay\\\":\\\"none\\\",\\\"isUserChangedContrastColor\\\":false,\\\"mariMekko\\\":{\\\"basedOn\\\":\\\"height\\\",\\\"labelDisplay\\\":\\\"heightWidth\\\",\\\"category\\\":{\\\"categoryPosition\\\":\\\"auto\\\",\\\"categoryPositionHorizontal\\\":\\\"auto\\\"},\\\"width\\\":{\\\"displayType\\\":\\\"percentage\\\",\\\"displayFormat\\\":\\\"inLine\\\",\\\"primaryLabelPosition\\\":\\\"outsideTop\\\",\\\"secondaryLabelPosition\\\":\\\"outsideTop\\\",\\\"primaryLabelPositionHorizontal\\\":\\\"outsideRight\\\",\\\"secondaryLabelPositionHorizontal\\\":\\\"outsideRight\\\"},\\\"height\\\":{\\\"displayType\\\":\\\"value\\\",\\\"displayFormat\\\":\\\"inLine\\\",\\\"primaryLabelPosition\\\":\\\"outsideTop\\\",\\\"secondaryLabelPosition\\\":\\\"outsideTop\\\",\\\"primaryLabelPositionHorizontal\\\":\\\"outsideRight\\\",\\\"secondaryLabelPositionHorizontal\\\":\\\"outsideRight\\\"}},\\\"stackedMarimekko\\\":{\\\"basedOn\\\":\\\"height\\\",\\\"labelDisplay\\\":\\\"height\\\",\\\"category\\\":{\\\"categoryPosition\\\":\\\"auto\\\",\\\"categoryPositionHorizontal\\\":\\\"auto\\\"},\\\"width\\\":{\\\"displayType\\\":\\\"percentage\\\",\\\"displayFormat\\\":\\\"inLine\\\",\\\"primaryLabelPosition\\\":\\\"outsideTop\\\",\\\"secondaryLabelPosition\\\":\\\"outsideTop\\\",\\\"primaryLabelPositionHorizontal\\\":\\\"outsideRight\\\",\\\"secondaryLabelPositionHorizontal\\\":\\\"outsideRight\\\"},\\\"height\\\":{\\\"displayType\\\":\\\"both\\\",\\\"displayFormat\\\":\\\"block\\\",\\\"primaryLabelPosition\\\":\\\"insideCenter\\\",\\\"secondaryLabelPosition\\\":\\\"insideCenter\\\",\\\"primaryLabelPositionHorizontal\\\":\\\"insideCenter\\\",\\\"secondaryLabelPositionHorizontal\\\":\\\"insideCenter\\\"}},\\\"treeMap\\\":{\\\"displayType\\\":\\\"categoryAndValue\\\",\\\"orientLabel\\\":true,\\\"labelSkipWidth\\\":12,\\\"displayFormat\\\":\\\"block\\\"},\\\"funnel\\\":{\\\"displayType\\\":\\\"categoryValue\\\",\\\"percentageType\\\":\\\"contribution\\\",\\\"categoryPosition\\\":\\\"inside\\\",\\\"valuePosition\\\":\\\"inside\\\",\\\"displayFormat\\\":\\\"inLine\\\",\\\"groupCategoryDisplayType\\\":\\\"category\\\",\\\"groupCategoryDisplayFormat\\\":\\\"inLine\\\"},\\\"pie\\\":{\\\"basedOn\\\":\\\"size\\\",\\\"labelDisplay\\\":\\\"size\\\",\\\"categoryPosition\\\":\\\"outside\\\",\\\"size\\\":{\\\"displayType\\\":\\\"both\\\",\\\"displayFormat\\\":\\\"block\\\",\\\"primaryLabelPosition\\\":\\\"inside\\\",\\\"secondaryLabelPosition\\\":\\\"inside\\\"},\\\"radius\\\":{\\\"displayType\\\":\\\"both\\\",\\\"displayFormat\\\":\\\"block\\\",\\\"primaryLabelPosition\\\":\\\"inside\\\",\\\"secondaryLabelPosition\\\":\\\"inside\\\"},\\\"imageCategory\\\":\\\"none\\\",\\\"imagePosition\\\":\\\"outside\\\",\\\"imageSize\\\":25},\\\"isResponsiveOrientation\\\":false,\\\"allowOverlap\\\":false,\\\"totalText\\\":\\\"Total\\\",\\\"totalTextDisplay\\\":\\\"all\\\",\\\"labelFormat\\\":{\\\"valueType\\\":[{\\\"value\\\":\\\"value\\\",\\\"label\\\":\\\"Ø - value\\\",\\\"measureKey\\\":\\\"Ø\\\",\\\"measureName\\\":\\\"Ø\\\"}],\\\"displayFormat\\\":{\\\"showInline\\\":false,\\\"displayType\\\":[],\\\"separatorType\\\":\\\"bracket\\\"},\\\"label1\\\":{\\\"verticalPosition\\\":\\\"auto\\\",\\\"horizontalPosition\\\":\\\"auto\\\",\\\"format\\\":{\\\"isBold\\\":null,\\\"isItalic\\\":null,\\\"fontSize\\\":null,\\\"fontColor\\\":null}},\\\"label2\\\":{\\\"verticalPosition\\\":\\\"auto\\\",\\\"horizontalPosition\\\":\\\"auto\\\",\\\"format\\\":{\\\"isBold\\\":null,\\\"isItalic\\\":null,\\\"fontSize\\\":null,\\\"fontColor\\\":null}},\\\"label3\\\":{\\\"verticalPosition\\\":\\\"auto\\\",\\\"horizontalPosition\\\":\\\"auto\\\",\\\"format\\\":{\\\"isBold\\\":null,\\\"isItalic\\\":null,\\\"fontSize\\\":null,\\\"fontColor\\\":null}}}},\\\"total\\\":{\\\"enabled\\\":true,\\\"display\\\":\\\"auto\\\",\\\"outlier\\\":false,\\\"outlierPercentage\\\":20,\\\"outlierColor\\\":\\\"#ff4400\\\",\\\"varianceDisplay\\\":\\\"minMax\\\",\\\"minColor\\\":\\\"#333333\\\",\\\"maxColor\\\":\\\"#333333\\\",\\\"interval\\\":2,\\\"position\\\":\\\"auto\\\",\\\"executiveFunnelLabelType\\\":\\\"valuePercentage\\\",\\\"horizontalPosition\\\":\\\"auto\\\",\\\"stackedPosition\\\":\\\"auto\\\",\\\"valuePosition\\\":\\\"auto\\\",\\\"barOverlap\\\":false,\\\"percentagePosition\\\":\\\"auto\\\",\\\"categoryPosition\\\":\\\"auto\\\",\\\"valuePositionHorizontal\\\":\\\"auto\\\",\\\"percentagePositionHorizontal\\\":\\\"auto\\\",\\\"categoryPositionHorizontal\\\":\\\"auto\\\",\\\"percentageStackedLabelType\\\":\\\"value\\\",\\\"stackedHorizontalPosition\\\":\\\"auto\\\",\\\"slopePosition\\\":\\\"auto\\\",\\\"boxPlotPosition\\\":\\\"inside\\\",\\\"contrastColor\\\":true,\\\"fontSize\\\":10,\\\"userChangeFontSize\\\":10,\\\"isUserChangedFontSize\\\":false,\\\"fontColor\\\":\\\"#333333\\\",\\\"background\\\":\\\"transparent\\\",\\\"showBackgroundColor\\\":true,\\\"offset\\\":0,\\\"posNegSplit\\\":false,\\\"isCategoryDisplay\\\":false,\\\"isSeriesDisplay\\\":false,\\\"fontStyle\\\":{\\\"isBold\\\":true,\\\"isItalic\\\":false,\\\"isUnderLine\\\":false},\\\"commonFontStyle\\\":{\\\"isBold\\\":false,\\\"isItalic\\\":false},\\\"orientation\\\":0,\\\"slopeDisplay\\\":\\\"none\\\",\\\"isUserChangedContrastColor\\\":false,\\\"mariMekko\\\":{\\\"basedOn\\\":\\\"height\\\",\\\"labelDisplay\\\":\\\"heightWidth\\\",\\\"category\\\":{\\\"categoryPosition\\\":\\\"auto\\\",\\\"categoryPositionHorizontal\\\":\\\"auto\\\"},\\\"width\\\":{\\\"displayType\\\":\\\"percentage\\\",\\\"displayFormat\\\":\\\"inLine\\\",\\\"primaryLabelPosition\\\":\\\"outsideTop\\\",\\\"secondaryLabelPosition\\\":\\\"outsideTop\\\",\\\"primaryLabelPositionHorizontal\\\":\\\"outsideRight\\\",\\\"secondaryLabelPositionHorizontal\\\":\\\"outsideRight\\\"},\\\"height\\\":{\\\"displayType\\\":\\\"value\\\",\\\"displayFormat\\\":\\\"inLine\\\",\\\"primaryLabelPosition\\\":\\\"outsideTop\\\",\\\"secondaryLabelPosition\\\":\\\"outsideTop\\\",\\\"primaryLabelPositionHorizontal\\\":\\\"outsideRight\\\",\\\"secondaryLabelPositionHorizontal\\\":\\\"outsideRight\\\"}},\\\"stackedMarimekko\\\":{\\\"basedOn\\\":\\\"height\\\",\\\"labelDisplay\\\":\\\"heightWidth\\\",\\\"category\\\":{\\\"categoryPosition\\\":\\\"auto\\\",\\\"categoryPositionHorizontal\\\":\\\"auto\\\"},\\\"width\\\":{\\\"displayType\\\":\\\"percentage\\\",\\\"displayFormat\\\":\\\"inLine\\\",\\\"primaryLabelPosition\\\":\\\"outsideTop\\\",\\\"secondaryLabelPosition\\\":\\\"outsideTop\\\",\\\"primaryLabelPositionHorizontal\\\":\\\"outsideRight\\\",\\\"secondaryLabelPositionHorizontal\\\":\\\"outsideRight\\\"},\\\"height\\\":{\\\"displayType\\\":\\\"value\\\",\\\"displayFormat\\\":\\\"block\\\",\\\"primaryLabelPosition\\\":\\\"insideCenter\\\",\\\"secondaryLabelPosition\\\":\\\"insideCenter\\\",\\\"primaryLabelPositionHorizontal\\\":\\\"insideCenter\\\",\\\"secondaryLabelPositionHorizontal\\\":\\\"insideCenter\\\"}},\\\"treeMap\\\":{\\\"displayType\\\":\\\"categoryAndValue\\\",\\\"orientLabel\\\":true,\\\"labelSkipWidth\\\":12,\\\"displayFormat\\\":\\\"block\\\"},\\\"funnel\\\":{\\\"displayType\\\":\\\"categoryValue\\\",\\\"percentageType\\\":\\\"contribution\\\",\\\"categoryPosition\\\":\\\"inside\\\",\\\"valuePosition\\\":\\\"inside\\\",\\\"displayFormat\\\":\\\"inLine\\\",\\\"groupCategoryDisplayType\\\":\\\"category\\\",\\\"groupCategoryDisplayFormat\\\":\\\"inLine\\\"},\\\"pie\\\":{\\\"basedOn\\\":\\\"size\\\",\\\"labelDisplay\\\":\\\"size\\\",\\\"categoryPosition\\\":\\\"outside\\\",\\\"size\\\":{\\\"displayType\\\":\\\"both\\\",\\\"displayFormat\\\":\\\"block\\\",\\\"primaryLabelPosition\\\":\\\"inside\\\",\\\"secondaryLabelPosition\\\":\\\"inside\\\"},\\\"radius\\\":{\\\"displayType\\\":\\\"both\\\",\\\"displayFormat\\\":\\\"block\\\",\\\"primaryLabelPosition\\\":\\\"inside\\\",\\\"secondaryLabelPosition\\\":\\\"inside\\\"},\\\"imageCategory\\\":\\\"none\\\",\\\"imagePosition\\\":\\\"outside\\\",\\\"imageSize\\\":25},\\\"isResponsiveOrientation\\\":false,\\\"allowOverlap\\\":false,\\\"totalText\\\":\\\"Total\\\",\\\"totalTextDisplay\\\":\\\"all\\\",\\\"labelFormat\\\":{\\\"valueType\\\":[{\\\"value\\\":\\\"value\\\",\\\"label\\\":\\\"total - value\\\",\\\"measureKey\\\":\\\"total\\\",\\\"measureName\\\":\\\"total\\\"}],\\\"displayFormat\\\":{\\\"showInline\\\":false,\\\"displayType\\\":[],\\\"separatorType\\\":\\\"bracket\\\"},\\\"label1\\\":{\\\"verticalPosition\\\":\\\"auto\\\",\\\"horizontalPosition\\\":\\\"auto\\\",\\\"format\\\":{\\\"isBold\\\":null,\\\"isItalic\\\":null,\\\"fontSize\\\":null,\\\"fontColor\\\":null}},\\\"label2\\\":{\\\"verticalPosition\\\":\\\"auto\\\",\\\"horizontalPosition\\\":\\\"auto\\\",\\\"format\\\":{\\\"isBold\\\":null,\\\"isItalic\\\":null,\\\"fontSize\\\":null,\\\"fontColor\\\":null}},\\\"label3\\\":{\\\"verticalPosition\\\":\\\"auto\\\",\\\"horizontalPosition\\\":\\\"auto\\\",\\\"format\\\":{\\\"isBold\\\":null,\\\"isItalic\\\":null,\\\"fontSize\\\":null,\\\"fontColor\\\":null}}}},\\\"TT\\\":{\\\"enabled\\\":true,\\\"display\\\":\\\"limited\\\",\\\"outlier\\\":false,\\\"outlierPercentage\\\":20,\\\"outlierColor\\\":\\\"#ff4400\\\",\\\"varianceDisplay\\\":\\\"minMax\\\",\\\"minColor\\\":\\\"#333333\\\",\\\"maxColor\\\":\\\"#333333\\\",\\\"interval\\\":2,\\\"position\\\":\\\"auto\\\",\\\"executiveFunnelLabelType\\\":\\\"valuePercentage\\\",\\\"horizontalPosition\\\":\\\"auto\\\",\\\"stackedPosition\\\":\\\"auto\\\",\\\"valuePosition\\\":\\\"auto\\\",\\\"barOverlap\\\":false,\\\"percentagePosition\\\":\\\"auto\\\",\\\"categoryPosition\\\":\\\"auto\\\",\\\"valuePositionHorizontal\\\":\\\"auto\\\",\\\"percentagePositionHorizontal\\\":\\\"auto\\\",\\\"categoryPositionHorizontal\\\":\\\"auto\\\",\\\"percentageStackedLabelType\\\":\\\"value\\\",\\\"stackedHorizontalPosition\\\":\\\"auto\\\",\\\"slopePosition\\\":\\\"auto\\\",\\\"boxPlotPosition\\\":\\\"inside\\\",\\\"contrastColor\\\":true,\\\"fontSize\\\":10,\\\"userChangeFontSize\\\":10,\\\"isUserChangedFontSize\\\":false,\\\"fontColor\\\":\\\"#333333\\\",\\\"background\\\":\\\"transparent\\\",\\\"showBackgroundColor\\\":true,\\\"offset\\\":0,\\\"posNegSplit\\\":false,\\\"isCategoryDisplay\\\":false,\\\"isSeriesDisplay\\\":true,\\\"fontStyle\\\":{\\\"isBold\\\":false,\\\"isItalic\\\":false,\\\"isUnderLine\\\":false},\\\"commonFontStyle\\\":{\\\"isBold\\\":false,\\\"isItalic\\\":false},\\\"orientation\\\":0,\\\"slopeDisplay\\\":\\\"none\\\",\\\"isUserChangedContrastColor\\\":false,\\\"mariMekko\\\":{\\\"basedOn\\\":\\\"height\\\",\\\"labelDisplay\\\":\\\"heightWidth\\\",\\\"category\\\":{\\\"categoryPosition\\\":\\\"auto\\\",\\\"categoryPositionHorizontal\\\":\\\"auto\\\"},\\\"width\\\":{\\\"displayType\\\":\\\"percentage\\\",\\\"displayFormat\\\":\\\"inLine\\\",\\\"primaryLabelPosition\\\":\\\"outsideTop\\\",\\\"secondaryLabelPosition\\\":\\\"outsideTop\\\",\\\"primaryLabelPositionHorizontal\\\":\\\"outsideRight\\\",\\\"secondaryLabelPositionHorizontal\\\":\\\"outsideRight\\\"},\\\"height\\\":{\\\"displayType\\\":\\\"value\\\",\\\"displayFormat\\\":\\\"inLine\\\",\\\"primaryLabelPosition\\\":\\\"outsideTop\\\",\\\"secondaryLabelPosition\\\":\\\"outsideTop\\\",\\\"primaryLabelPositionHorizontal\\\":\\\"outsideRight\\\",\\\"secondaryLabelPositionHorizontal\\\":\\\"outsideRight\\\"}},\\\"stackedMarimekko\\\":{\\\"basedOn\\\":\\\"height\\\",\\\"labelDisplay\\\":\\\"height\\\",\\\"category\\\":{\\\"categoryPosition\\\":\\\"auto\\\",\\\"categoryPositionHorizontal\\\":\\\"auto\\\"},\\\"width\\\":{\\\"displayType\\\":\\\"percentage\\\",\\\"displayFormat\\\":\\\"inLine\\\",\\\"primaryLabelPosition\\\":\\\"outsideTop\\\",\\\"secondaryLabelPosition\\\":\\\"outsideTop\\\",\\\"primaryLabelPositionHorizontal\\\":\\\"outsideRight\\\",\\\"secondaryLabelPositionHorizontal\\\":\\\"outsideRight\\\"},\\\"height\\\":{\\\"displayType\\\":\\\"both\\\",\\\"displayFormat\\\":\\\"block\\\",\\\"primaryLabelPosition\\\":\\\"insideCenter\\\",\\\"secondaryLabelPosition\\\":\\\"insideCenter\\\",\\\"primaryLabelPositionHorizontal\\\":\\\"insideCenter\\\",\\\"secondaryLabelPositionHorizontal\\\":\\\"insideCenter\\\"}},\\\"treeMap\\\":{\\\"displayType\\\":\\\"categoryAndValue\\\",\\\"orientLabel\\\":true,\\\"labelSkipWidth\\\":12,\\\"displayFormat\\\":\\\"block\\\"},\\\"funnel\\\":{\\\"displayType\\\":\\\"categoryValue\\\",\\\"percentageType\\\":\\\"contribution\\\",\\\"categoryPosition\\\":\\\"inside\\\",\\\"valuePosition\\\":\\\"inside\\\",\\\"displayFormat\\\":\\\"inLine\\\",\\\"groupCategoryDisplayType\\\":\\\"category\\\",\\\"groupCategoryDisplayFormat\\\":\\\"inLine\\\"},\\\"pie\\\":{\\\"basedOn\\\":\\\"size\\\",\\\"labelDisplay\\\":\\\"size\\\",\\\"categoryPosition\\\":\\\"outside\\\",\\\"size\\\":{\\\"displayType\\\":\\\"both\\\",\\\"displayFormat\\\":\\\"block\\\",\\\"primaryLabelPosition\\\":\\\"inside\\\",\\\"secondaryLabelPosition\\\":\\\"inside\\\"},\\\"radius\\\":{\\\"displayType\\\":\\\"both\\\",\\\"displayFormat\\\":\\\"block\\\",\\\"primaryLabelPosition\\\":\\\"inside\\\",\\\"secondaryLabelPosition\\\":\\\"inside\\\"},\\\"imageCategory\\\":\\\"none\\\",\\\"imagePosition\\\":\\\"outside\\\",\\\"imageSize\\\":25},\\\"isResponsiveOrientation\\\":false,\\\"allowOverlap\\\":false,\\\"totalText\\\":\\\"Total\\\",\\\"totalTextDisplay\\\":\\\"all\\\",\\\"labelFormat\\\":{\\\"valueType\\\":[{\\\"value\\\":\\\"value\\\",\\\"label\\\":\\\"TT - value\\\",\\\"measureKey\\\":\\\"TT\\\",\\\"measureName\\\":\\\"TT\\\"}],\\\"displayFormat\\\":{\\\"showInline\\\":false,\\\"displayType\\\":[],\\\"separatorType\\\":\\\"bracket\\\"},\\\"label1\\\":{\\\"verticalPosition\\\":\\\"auto\\\",\\\"horizontalPosition\\\":\\\"auto\\\",\\\"format\\\":{\\\"isBold\\\":null,\\\"isItalic\\\":null,\\\"fontSize\\\":null,\\\"fontColor\\\":null}},\\\"label2\\\":{\\\"verticalPosition\\\":\\\"auto\\\",\\\"horizontalPosition\\\":\\\"auto\\\",\\\"format\\\":{\\\"isBold\\\":null,\\\"isItalic\\\":null,\\\"fontSize\\\":null,\\\"fontColor\\\":null}},\\\"label3\\\":{\\\"verticalPosition\\\":\\\"auto\\\",\\\"horizontalPosition\\\":\\\"auto\\\",\\\"format\\\":{\\\"isBold\\\":null,\\\"isItalic\\\":null,\\\"fontSize\\\":null,\\\"fontColor\\\":null}}}},\\\"BOXPLOT_MEAN_LINE\\\":{\\\"enabled\\\":true,\\\"display\\\":\\\"limited\\\",\\\"outlier\\\":false,\\\"outlierPercentage\\\":20,\\\"outlierColor\\\":\\\"#ff4400\\\",\\\"varianceDisplay\\\":\\\"minMax\\\",\\\"minColor\\\":\\\"#333333\\\",\\\"maxColor\\\":\\\"#333333\\\",\\\"interval\\\":2,\\\"position\\\":\\\"auto\\\",\\\"executiveFunnelLabelType\\\":\\\"valuePercentage\\\",\\\"horizontalPosition\\\":\\\"auto\\\",\\\"stackedPosition\\\":\\\"auto\\\",\\\"valuePosition\\\":\\\"auto\\\",\\\"barOverlap\\\":false,\\\"percentagePosition\\\":\\\"auto\\\",\\\"categoryPosition\\\":\\\"auto\\\",\\\"valuePositionHorizontal\\\":\\\"auto\\\",\\\"percentagePositionHorizontal\\\":\\\"auto\\\",\\\"categoryPositionHorizontal\\\":\\\"auto\\\",\\\"percentageStackedLabelType\\\":\\\"value\\\",\\\"stackedHorizontalPosition\\\":\\\"auto\\\",\\\"slopePosition\\\":\\\"auto\\\",\\\"boxPlotPosition\\\":\\\"inside\\\",\\\"contrastColor\\\":true,\\\"fontSize\\\":10,\\\"userChangeFontSize\\\":10,\\\"isUserChangedFontSize\\\":false,\\\"fontColor\\\":\\\"#333333\\\",\\\"background\\\":\\\"transparent\\\",\\\"showBackgroundColor\\\":true,\\\"offset\\\":0,\\\"posNegSplit\\\":false,\\\"isCategoryDisplay\\\":false,\\\"isSeriesDisplay\\\":true,\\\"fontStyle\\\":{\\\"isBold\\\":false,\\\"isItalic\\\":false,\\\"isUnderLine\\\":false},\\\"commonFontStyle\\\":{\\\"isBold\\\":false,\\\"isItalic\\\":false},\\\"orientation\\\":0,\\\"slopeDisplay\\\":\\\"none\\\",\\\"isUserChangedContrastColor\\\":false,\\\"mariMekko\\\":{\\\"basedOn\\\":\\\"height\\\",\\\"labelDisplay\\\":\\\"heightWidth\\\",\\\"category\\\":{\\\"categoryPosition\\\":\\\"auto\\\",\\\"categoryPositionHorizontal\\\":\\\"auto\\\"},\\\"width\\\":{\\\"displayType\\\":\\\"percentage\\\",\\\"displayFormat\\\":\\\"inLine\\\",\\\"primaryLabelPosition\\\":\\\"outsideTop\\\",\\\"secondaryLabelPosition\\\":\\\"outsideTop\\\",\\\"primaryLabelPositionHorizontal\\\":\\\"outsideRight\\\",\\\"secondaryLabelPositionHorizontal\\\":\\\"outsideRight\\\"},\\\"height\\\":{\\\"displayType\\\":\\\"value\\\",\\\"displayFormat\\\":\\\"inLine\\\",\\\"primaryLabelPosition\\\":\\\"outsideTop\\\",\\\"secondaryLabelPosition\\\":\\\"outsideTop\\\",\\\"primaryLabelPositionHorizontal\\\":\\\"outsideRight\\\",\\\"secondaryLabelPositionHorizontal\\\":\\\"outsideRight\\\"}},\\\"stackedMarimekko\\\":{\\\"basedOn\\\":\\\"height\\\",\\\"labelDisplay\\\":\\\"height\\\",\\\"category\\\":{\\\"categoryPosition\\\":\\\"auto\\\",\\\"categoryPositionHorizontal\\\":\\\"auto\\\"},\\\"width\\\":{\\\"displayType\\\":\\\"percentage\\\",\\\"displayFormat\\\":\\\"inLine\\\",\\\"primaryLabelPosition\\\":\\\"outsideTop\\\",\\\"secondaryLabelPosition\\\":\\\"outsideTop\\\",\\\"primaryLabelPositionHorizontal\\\":\\\"outsideRight\\\",\\\"secondaryLabelPositionHorizontal\\\":\\\"outsideRight\\\"},\\\"height\\\":{\\\"displayType\\\":\\\"both\\\",\\\"displayFormat\\\":\\\"block\\\",\\\"primaryLabelPosition\\\":\\\"insideCenter\\\",\\\"secondaryLabelPosition\\\":\\\"insideCenter\\\",\\\"primaryLabelPositionHorizontal\\\":\\\"insideCenter\\\",\\\"secondaryLabelPositionHorizontal\\\":\\\"insideCenter\\\"}},\\\"treeMap\\\":{\\\"displayType\\\":\\\"categoryAndValue\\\",\\\"orientLabel\\\":true,\\\"labelSkipWidth\\\":12,\\\"displayFormat\\\":\\\"block\\\"},\\\"funnel\\\":{\\\"displayType\\\":\\\"categoryValue\\\",\\\"percentageType\\\":\\\"contribution\\\",\\\"categoryPosition\\\":\\\"inside\\\",\\\"valuePosition\\\":\\\"inside\\\",\\\"displayFormat\\\":\\\"inLine\\\",\\\"groupCategoryDisplayType\\\":\\\"category\\\",\\\"groupCategoryDisplayFormat\\\":\\\"inLine\\\"},\\\"pie\\\":{\\\"basedOn\\\":\\\"size\\\",\\\"labelDisplay\\\":\\\"size\\\",\\\"categoryPosition\\\":\\\"outside\\\",\\\"size\\\":{\\\"displayType\\\":\\\"both\\\",\\\"displayFormat\\\":\\\"block\\\",\\\"primaryLabelPosition\\\":\\\"inside\\\",\\\"secondaryLabelPosition\\\":\\\"inside\\\"},\\\"radius\\\":{\\\"displayType\\\":\\\"both\\\",\\\"displayFormat\\\":\\\"block\\\",\\\"primaryLabelPosition\\\":\\\"inside\\\",\\\"secondaryLabelPosition\\\":\\\"inside\\\"},\\\"imageCategory\\\":\\\"none\\\",\\\"imagePosition\\\":\\\"outside\\\",\\\"imageSize\\\":25},\\\"isResponsiveOrientation\\\":false,\\\"allowOverlap\\\":false,\\\"totalText\\\":\\\"Total\\\",\\\"totalTextDisplay\\\":\\\"all\\\",\\\"labelFormat\\\":{\\\"valueType\\\":[{\\\"value\\\":\\\"value\\\",\\\"label\\\":\\\"BOXPLOT_MEAN_LINE - value\\\",\\\"measureKey\\\":\\\"BOXPLOT_MEAN_LINE\\\",\\\"measureName\\\":\\\"BOXPLOT_MEAN_LINE\\\"}],\\\"displayFormat\\\":{\\\"showInline\\\":false,\\\"displayType\\\":[],\\\"separatorType\\\":\\\"bracket\\\"},\\\"label1\\\":{\\\"verticalPosition\\\":\\\"auto\\\",\\\"horizontalPosition\\\":\\\"auto\\\",\\\"format\\\":{\\\"isBold\\\":null,\\\"isItalic\\\":null,\\\"fontSize\\\":null,\\\"fontColor\\\":null}},\\\"label2\\\":{\\\"verticalPosition\\\":\\\"auto\\\",\\\"horizontalPosition\\\":\\\"auto\\\",\\\"format\\\":{\\\"isBold\\\":null,\\\"isItalic\\\":null,\\\"fontSize\\\":null,\\\"fontColor\\\":null}},\\\"label3\\\":{\\\"verticalPosition\\\":\\\"auto\\\",\\\"horizontalPosition\\\":\\\"auto\\\",\\\"format\\\":{\\\"isBold\\\":null,\\\"isItalic\\\":null,\\\"fontSize\\\":null,\\\"fontColor\\\":null}}}},\\\"Sum(Table.Informational_Duration)\\\":{\\\"enabled\\\":true,\\\"display\\\":\\\"limited\\\",\\\"outlier\\\":false,\\\"outlierPercentage\\\":20,\\\"outlierColor\\\":\\\"#ff4400\\\",\\\"varianceDisplay\\\":\\\"minMax\\\",\\\"minColor\\\":\\\"#333333\\\",\\\"maxColor\\\":\\\"#333333\\\",\\\"interval\\\":2,\\\"position\\\":\\\"auto\\\",\\\"executiveFunnelLabelType\\\":\\\"valuePercentage\\\",\\\"horizontalPosition\\\":\\\"auto\\\",\\\"stackedPosition\\\":\\\"auto\\\",\\\"valuePosition\\\":\\\"auto\\\",\\\"barOverlap\\\":false,\\\"percentagePosition\\\":\\\"auto\\\",\\\"categoryPosition\\\":\\\"auto\\\",\\\"valuePositionHorizontal\\\":\\\"auto\\\",\\\"percentagePositionHorizontal\\\":\\\"auto\\\",\\\"categoryPositionHorizontal\\\":\\\"auto\\\",\\\"percentageStackedLabelType\\\":\\\"value\\\",\\\"stackedHorizontalPosition\\\":\\\"auto\\\",\\\"slopePosition\\\":\\\"auto\\\",\\\"boxPlotPosition\\\":\\\"inside\\\",\\\"contrastColor\\\":true,\\\"fontSize\\\":10,\\\"userChangeFontSize\\\":10,\\\"isUserChangedFontSize\\\":false,\\\"fontColor\\\":\\\"#333333\\\",\\\"background\\\":\\\"transparent\\\",\\\"showBackgroundColor\\\":true,\\\"offset\\\":0,\\\"posNegSplit\\\":false,\\\"isCategoryDisplay\\\":false,\\\"isSeriesDisplay\\\":true,\\\"fontStyle\\\":{\\\"isBold\\\":false,\\\"isItalic\\\":false,\\\"isUnderLine\\\":false},\\\"commonFontStyle\\\":{\\\"isBold\\\":false,\\\"isItalic\\\":false},\\\"orientation\\\":0,\\\"slopeDisplay\\\":\\\"none\\\",\\\"isUserChangedContrastColor\\\":false,\\\"mariMekko\\\":{\\\"basedOn\\\":\\\"height\\\",\\\"labelDisplay\\\":\\\"heightWidth\\\",\\\"category\\\":{\\\"categoryPosition\\\":\\\"auto\\\",\\\"categoryPositionHorizontal\\\":\\\"auto\\\"},\\\"width\\\":{\\\"displayType\\\":\\\"percentage\\\",\\\"displayFormat\\\":\\\"inLine\\\",\\\"primaryLabelPosition\\\":\\\"outsideTop\\\",\\\"secondaryLabelPosition\\\":\\\"outsideTop\\\",\\\"primaryLabelPositionHorizontal\\\":\\\"outsideRight\\\",\\\"secondaryLabelPositionHorizontal\\\":\\\"outsideRight\\\"},\\\"height\\\":{\\\"displayType\\\":\\\"value\\\",\\\"displayFormat\\\":\\\"inLine\\\",\\\"primaryLabelPosition\\\":\\\"outsideTop\\\",\\\"secondaryLabelPosition\\\":\\\"outsideTop\\\",\\\"primaryLabelPositionHorizontal\\\":\\\"outsideRight\\\",\\\"secondaryLabelPositionHorizontal\\\":\\\"outsideRight\\\"}},\\\"stackedMarimekko\\\":{\\\"basedOn\\\":\\\"height\\\",\\\"labelDisplay\\\":\\\"height\\\",\\\"category\\\":{\\\"categoryPosition\\\":\\\"auto\\\",\\\"categoryPositionHorizontal\\\":\\\"auto\\\"},\\\"width\\\":{\\\"displayType\\\":\\\"percentage\\\",\\\"displayFormat\\\":\\\"inLine\\\",\\\"primaryLabelPosition\\\":\\\"outsideTop\\\",\\\"secondaryLabelPosition\\\":\\\"outsideTop\\\",\\\"primaryLabelPositionHorizontal\\\":\\\"outsideRight\\\",\\\"secondaryLabelPositionHorizontal\\\":\\\"outsideRight\\\"},\\\"height\\\":{\\\"displayType\\\":\\\"both\\\",\\\"displayFormat\\\":\\\"block\\\",\\\"primaryLabelPosition\\\":\\\"insideCenter\\\",\\\"secondaryLabelPosition\\\":\\\"insideCenter\\\",\\\"primaryLabelPositionHorizontal\\\":\\\"insideCenter\\\",\\\"secondaryLabelPositionHorizontal\\\":\\\"insideCenter\\\"}},\\\"isResponsiveOrientation\\\":false,\\\"allowOverlap\\\":false,\\\"labelFormat\\\":{\\\"valueType\\\":[{\\\"value\\\":\\\"value\\\",\\\"label\\\":\\\"Sum(Table.Informational_Duration) - value\\\",\\\"measureKey\\\":\\\"Sum(Table.Informational_Duration)\\\",\\\"measureName\\\":\\\"Sum(Table.Informational_Duration)\\\"}],\\\"displayFormat\\\":{\\\"showInline\\\":false,\\\"displayType\\\":[],\\\"separatorType\\\":\\\"bracket\\\"},\\\"label1\\\":{\\\"verticalPosition\\\":\\\"auto\\\",\\\"horizontalPosition\\\":\\\"auto\\\",\\\"format\\\":{\\\"isBold\\\":null,\\\"isItalic\\\":null,\\\"fontSize\\\":null,\\\"fontColor\\\":null}},\\\"label2\\\":{\\\"verticalPosition\\\":\\\"auto\\\",\\\"horizontalPosition\\\":\\\"auto\\\",\\\"format\\\":{\\\"isBold\\\":null,\\\"isItalic\\\":null,\\\"fontSize\\\":null,\\\"fontColor\\\":null}},\\\"label3\\\":{\\\"verticalPosition\\\":\\\"auto\\\",\\\"horizontalPosition\\\":\\\"auto\\\",\\\"format\\\":{\\\"isBold\\\":null,\\\"isItalic\\\":null,\\\"fontSize\\\":null,\\\"fontColor\\\":null}}},\\\"treeMap\\\":{\\\"displayType\\\":\\\"categoryAndValue\\\",\\\"orientLabel\\\":true,\\\"labelSkipWidth\\\":12,\\\"displayFormat\\\":\\\"block\\\"}},\\\"Sum(Table.Informational_Duration)_TOTAL\\\":{\\\"enabled\\\":true,\\\"display\\\":\\\"auto\\\",\\\"outlier\\\":false,\\\"outlierPercentage\\\":20,\\\"outlierColor\\\":\\\"#ff4400\\\",\\\"varianceDisplay\\\":\\\"minMax\\\",\\\"minColor\\\":\\\"#333333\\\",\\\"maxColor\\\":\\\"#333333\\\",\\\"interval\\\":2,\\\"position\\\":\\\"auto\\\",\\\"executiveFunnelLabelType\\\":\\\"valuePercentage\\\",\\\"horizontalPosition\\\":\\\"auto\\\",\\\"stackedPosition\\\":\\\"auto\\\",\\\"valuePosition\\\":\\\"auto\\\",\\\"barOverlap\\\":false,\\\"percentagePosition\\\":\\\"auto\\\",\\\"categoryPosition\\\":\\\"auto\\\",\\\"valuePositionHorizontal\\\":\\\"auto\\\",\\\"percentagePositionHorizontal\\\":\\\"auto\\\",\\\"categoryPositionHorizontal\\\":\\\"auto\\\",\\\"percentageStackedLabelType\\\":\\\"value\\\",\\\"stackedHorizontalPosition\\\":\\\"auto\\\",\\\"slopePosition\\\":\\\"auto\\\",\\\"boxPlotPosition\\\":\\\"inside\\\",\\\"contrastColor\\\":true,\\\"fontSize\\\":10,\\\"userChangeFontSize\\\":10,\\\"isUserChangedFontSize\\\":false,\\\"fontColor\\\":\\\"#333333\\\",\\\"background\\\":\\\"transparent\\\",\\\"showBackgroundColor\\\":true,\\\"offset\\\":0,\\\"posNegSplit\\\":false,\\\"isCategoryDisplay\\\":false,\\\"isSeriesDisplay\\\":false,\\\"fontStyle\\\":{\\\"isBold\\\":true,\\\"isItalic\\\":false,\\\"isUnderLine\\\":false},\\\"commonFontStyle\\\":{\\\"isBold\\\":false,\\\"isItalic\\\":false},\\\"orientation\\\":0,\\\"slopeDisplay\\\":\\\"none\\\",\\\"isUserChangedContrastColor\\\":false,\\\"mariMekko\\\":{\\\"basedOn\\\":\\\"height\\\",\\\"labelDisplay\\\":\\\"heightWidth\\\",\\\"category\\\":{\\\"categoryPosition\\\":\\\"auto\\\",\\\"categoryPositionHorizontal\\\":\\\"auto\\\"},\\\"width\\\":{\\\"displayType\\\":\\\"percentage\\\",\\\"displayFormat\\\":\\\"inLine\\\",\\\"primaryLabelPosition\\\":\\\"outsideTop\\\",\\\"secondaryLabelPosition\\\":\\\"outsideTop\\\",\\\"primaryLabelPositionHorizontal\\\":\\\"outsideRight\\\",\\\"secondaryLabelPositionHorizontal\\\":\\\"outsideRight\\\"},\\\"height\\\":{\\\"displayType\\\":\\\"value\\\",\\\"displayFormat\\\":\\\"inLine\\\",\\\"primaryLabelPosition\\\":\\\"outsideTop\\\",\\\"secondaryLabelPosition\\\":\\\"outsideTop\\\",\\\"primaryLabelPositionHorizontal\\\":\\\"outsideRight\\\",\\\"secondaryLabelPositionHorizontal\\\":\\\"outsideRight\\\"}},\\\"stackedMarimekko\\\":{\\\"basedOn\\\":\\\"height\\\",\\\"labelDisplay\\\":\\\"heightWidth\\\",\\\"category\\\":{\\\"categoryPosition\\\":\\\"auto\\\",\\\"categoryPositionHorizontal\\\":\\\"auto\\\"},\\\"width\\\":{\\\"displayType\\\":\\\"percentage\\\",\\\"displayFormat\\\":\\\"inLine\\\",\\\"primaryLabelPosition\\\":\\\"outsideTop\\\",\\\"secondaryLabelPosition\\\":\\\"outsideTop\\\",\\\"primaryLabelPositionHorizontal\\\":\\\"outsideRight\\\",\\\"secondaryLabelPositionHorizontal\\\":\\\"outsideRight\\\"},\\\"height\\\":{\\\"displayType\\\":\\\"value\\\",\\\"displayFormat\\\":\\\"block\\\",\\\"primaryLabelPosition\\\":\\\"insideCenter\\\",\\\"secondaryLabelPosition\\\":\\\"insideCenter\\\",\\\"primaryLabelPositionHorizontal\\\":\\\"insideCenter\\\",\\\"secondaryLabelPositionHorizontal\\\":\\\"insideCenter\\\"}},\\\"treeMap\\\":{\\\"displayType\\\":\\\"categoryAndValue\\\",\\\"orientLabel\\\":true,\\\"labelSkipWidth\\\":12,\\\"displayFormat\\\":\\\"block\\\"},\\\"funnel\\\":{\\\"displayType\\\":\\\"categoryValue\\\",\\\"percentageType\\\":\\\"contribution\\\",\\\"categoryPosition\\\":\\\"inside\\\",\\\"valuePosition\\\":\\\"inside\\\",\\\"displayFormat\\\":\\\"inLine\\\",\\\"groupCategoryDisplayType\\\":\\\"category\\\",\\\"groupCategoryDisplayFormat\\\":\\\"inLine\\\"},\\\"pie\\\":{\\\"basedOn\\\":\\\"size\\\",\\\"labelDisplay\\\":\\\"size\\\",\\\"categoryPosition\\\":\\\"outside\\\",\\\"size\\\":{\\\"displayType\\\":\\\"both\\\",\\\"displayFormat\\\":\\\"block\\\",\\\"primaryLabelPosition\\\":\\\"inside\\\",\\\"secondaryLabelPosition\\\":\\\"inside\\\"},\\\"radius\\\":{\\\"displayType\\\":\\\"both\\\",\\\"displayFormat\\\":\\\"block\\\",\\\"primaryLabelPosition\\\":\\\"inside\\\",\\\"secondaryLabelPosition\\\":\\\"inside\\\"},\\\"imageCategory\\\":\\\"none\\\",\\\"imagePosition\\\":\\\"outside\\\",\\\"imageSize\\\":25},\\\"isResponsiveOrientation\\\":true,\\\"allowOverlap\\\":false,\\\"totalText\\\":\\\"Total\\\",\\\"totalTextDisplay\\\":\\\"all\\\",\\\"labelFormat\\\":{\\\"valueType\\\":[{\\\"value\\\":\\\"value\\\",\\\"label\\\":\\\"Sum(Table.Informational_Duration)_TOTAL - value\\\",\\\"measureKey\\\":\\\"Sum(Table.Informational_Duration)_TOTAL\\\",\\\"measureName\\\":\\\"Sum(Table.Informational_Duration)_TOTAL\\\"}],\\\"displayFormat\\\":{\\\"showInline\\\":false,\\\"displayType\\\":[],\\\"separatorType\\\":\\\"bracket\\\"},\\\"label1\\\":{\\\"verticalPosition\\\":\\\"auto\\\",\\\"horizontalPosition\\\":\\\"auto\\\",\\\"format\\\":{\\\"isBold\\\":null,\\\"isItalic\\\":null,\\\"fontSize\\\":null,\\\"fontColor\\\":\\\"#4C5881\\\"}},\\\"label2\\\":{\\\"verticalPosition\\\":\\\"auto\\\",\\\"horizontalPosition\\\":\\\"auto\\\",\\\"format\\\":{\\\"isBold\\\":null,\\\"isItalic\\\":null,\\\"fontSize\\\":null,\\\"fontColor\\\":\\\"#787F9F\\\"}},\\\"label3\\\":{\\\"verticalPosition\\\":\\\"auto\\\",\\\"horizontalPosition\\\":\\\"auto\\\",\\\"format\\\":{\\\"isBold\\\":null,\\\"isItalic\\\":null,\\\"fontSize\\\":null,\\\"fontColor\\\":\\\"#7F7F7F\\\"}}}}},\\\"varianceFontColor\\\":\\\"#333333\\\",\\\"varianceFontSize\\\":10,\\\"varianceFormat\\\":\\\"both\\\",\\\"allowOverlap\\\":false,\\\"combinedLabel\\\":false,\\\"categorySeriesDisplay\\\":{\\\"showCategory\\\":true,\\\"first\\\":true,\\\"last\\\":true,\\\"separator\\\":\\\", \\\",\\\"responsiveLabel\\\":true},\\\"gaugeTotalMeasure\\\":\\\"\\\",\\\"bubbleScatter\\\":{\\\"display\\\":\\\"none\\\",\\\"displayType\\\":\\\"value\\\",\\\"category\\\":{\\\"type\\\":\\\"category\\\",\\\"position\\\":\\\"outsideBottom\\\",\\\"fontSize\\\":10,\\\"fontColor\\\":\\\"#333333\\\",\\\"fontStyle\\\":{\\\"isBold\\\":false,\\\"isItalic\\\":false,\\\"isUnderLine\\\":false}},\\\"value\\\":{\\\"type\\\":\\\"x\\\",\\\"position\\\":\\\"outsideTop\\\",\\\"fontSize\\\":10,\\\"fontColor\\\":\\\"#333333\\\",\\\"fontStyle\\\":{\\\"isBold\\\":false,\\\"isItalic\\\":false,\\\"isUnderLine\\\":false}},\\\"contrastColor\\\":false,\\\"outlier\\\":{\\\"enabled\\\":false,\\\"outlierPercentage\\\":20,\\\"outlierColor\\\":\\\"#ff4400\\\"}},\\\"isUserChanged\\\":false,\\\"isMultiMeasureDataLabel\\\":false,\\\"showIndividualLabelFormat\\\":false}'\"}}},\"numberFormatting\":{\"expr\":{\"Literal\":{\"Value\":\"'{\\\"enabled\\\":true,\\\"ibcsformat\\\":false,\\\"thousandSeparator\\\":\\\",\\\",\\\"decimalSeparator\\\":\\\".\\\",\\\"noOfDecimal\\\":1,\\\"noOfDecimalPercent\\\":2,\\\"prefix\\\":\\\"\\\",\\\"suffix\\\":\\\"\\\",\\\"scalingFactor\\\":\\\"auto\\\",\\\"showScalingUnit\\\":true,\\\"semanticFormatting\\\":true,\\\"showValueColor\\\":false,\\\"positiveValueColor\\\":\\\"#82ba00\\\",\\\"positiveValueFormat\\\":\\\"x\\\",\\\"negativeValueColor\\\":\\\"#ff000a\\\",\\\"negativeValueFormat\\\":\\\"-x\\\",\\\"showNullAs\\\":\\\"hidden\\\",\\\"showZeroAs\\\":\\\"0\\\",\\\"includeBetweenSign\\\":false,\\\"customFormat\\\":{\\\"ΔFC\\\":{\\\"enabled\\\":false,\\\"noOfDecimal\\\":1,\\\"prefix\\\":\\\"\\\",\\\"suffix\\\":\\\"\\\",\\\"scalingFactor\\\":\\\"auto\\\"},\\\"ΔPY\\\":{\\\"enabled\\\":false,\\\"noOfDecimal\\\":1,\\\"prefix\\\":\\\"\\\",\\\"suffix\\\":\\\"\\\",\\\"scalingFactor\\\":\\\"auto\\\"},\\\"ΔPL\\\":{\\\"enabled\\\":false,\\\"noOfDecimal\\\":1,\\\"prefix\\\":\\\"\\\",\\\"suffix\\\":\\\"\\\",\\\"scalingFactor\\\":\\\"auto\\\"},\\\"ΔØ\\\":{\\\"enabled\\\":false,\\\"noOfDecimal\\\":1,\\\"prefix\\\":\\\"\\\",\\\"suffix\\\":\\\"\\\",\\\"scalingFactor\\\":\\\"auto\\\"},\\\"ΔFC%\\\":{\\\"enabled\\\":false,\\\"noOfDecimal\\\":1,\\\"prefix\\\":\\\"\\\",\\\"suffix\\\":\\\"\\\",\\\"scalingFactor\\\":\\\"percentage\\\"},\\\"ΔPY%\\\":{\\\"enabled\\\":false,\\\"noOfDecimal\\\":1,\\\"prefix\\\":\\\"\\\",\\\"suffix\\\":\\\"\\\",\\\"scalingFactor\\\":\\\"percentage\\\"},\\\"ΔPL%\\\":{\\\"enabled\\\":false,\\\"noOfDecimal\\\":1,\\\"prefix\\\":\\\"\\\",\\\"suffix\\\":\\\"\\\",\\\"scalingFactor\\\":\\\"percentage\\\"},\\\"ΔØ%\\\":{\\\"enabled\\\":false,\\\"noOfDecimal\\\":1,\\\"prefix\\\":\\\"\\\",\\\"suffix\\\":\\\"\\\",\\\"scalingFactor\\\":\\\"percentage\\\"},\\\"Ø\\\":{\\\"enabled\\\":false,\\\"noOfDecimal\\\":1,\\\"prefix\\\":\\\"\\\",\\\"suffix\\\":\\\"\\\",\\\"scalingFactor\\\":\\\"auto\\\"},\\\"total\\\":{\\\"enabled\\\":false,\\\"noOfDecimal\\\":1,\\\"prefix\\\":\\\"\\\",\\\"suffix\\\":\\\"\\\",\\\"scalingFactor\\\":\\\"auto\\\"},\\\"Sum(Table.Informational_Duration)\\\":{\\\"enabled\\\":false,\\\"noOfDecimal\\\":1,\\\"prefix\\\":\\\"\\\",\\\"suffix\\\":\\\"\\\",\\\"scalingFactor\\\":\\\"auto\\\"},\\\"Sum(Table.Informational_Duration)_TOTAL\\\":{\\\"enabled\\\":false,\\\"noOfDecimal\\\":1,\\\"prefix\\\":\\\"\\\",\\\"suffix\\\":\\\"\\\",\\\"scalingFactor\\\":\\\"auto\\\"}},\\\"isIndividual\\\":false,\\\"isCustomUnitLabel\\\":false,\\\"shortUnitText\\\":{\\\"thousands\\\":\\\"k\\\",\\\"billions\\\":\\\"b\\\",\\\"millions\\\":\\\"m\\\",\\\"trillions\\\":\\\"t\\\",\\\"percentagePoints\\\":\\\"pp\\\",\\\"basisPoints\\\":\\\"bps\\\"},\\\"longUnitText\\\":{\\\"thousands\\\":\\\"in Thousands\\\",\\\"billions\\\":\\\"in Billions\\\",\\\"millions\\\":\\\"in Millions\\\",\\\"trillions\\\":\\\"in Trillions\\\"},\\\"kpiTotalType\\\":\\\"native\\\",\\\"displayScalingIn\\\":\\\"title\\\",\\\"tableFormatType\\\":\\\"auto\\\",\\\"showInPP\\\":false,\\\"showInBPS\\\":false,\\\"enforceSign\\\":false}'\"}}},\"xAxis\":{\"expr\":{\"Literal\":{\"Value\":\"'{\\\"enabled\\\":true,\\\"label\\\":{\\\"enabled\\\":true,\\\"fontColor\\\":\\\"#605E5C\\\",\\\"fontSize\\\":null,\\\"textAlignHorizontal\\\":\\\"end\\\",\\\"type\\\":\\\"categorical\\\",\\\"display\\\":\\\"auto\\\",\\\"density\\\":\\\"all\\\",\\\"step\\\":2,\\\"rotation\\\":-90,\\\"interval\\\":1,\\\"wordWrap\\\":true,\\\"maxHeight\\\":30,\\\"maxWidth\\\":25,\\\"padding\\\":null,\\\"concatLabels\\\":false,\\\"expandToLastChildren\\\":false,\\\"showFirstAndLast\\\":false,\\\"totalPosition\\\":\\\"first\\\",\\\"labelGrouping\\\":false,\\\"reversed\\\":false,\\\"isBold\\\":false,\\\"isItalic\\\":false,\\\"categoryGrouping\\\":{\\\"isBold\\\":true,\\\"isItalic\\\":false},\\\"minDateRange\\\":null,\\\"maxDateRange\\\":null,\\\"minCategoryIndex\\\":null,\\\"maxCategoryIndex\\\":null},\\\"title\\\":{\\\"enabled\\\":false,\\\"fontColor\\\":\\\"#605E5C\\\",\\\"fontSize\\\":null,\\\"text\\\":\\\"\\\",\\\"isBold\\\":true,\\\"isItalic\\\":false,\\\"fontFamily\\\":\\\"\\\\\\\"Segoe UI\\\\\\\", wf_segoe-ui_normal, helvetica, arial, sans-serif\\\"},\\\"groupLine\\\":{\\\"enabled\\\":true,\\\"color\\\":\\\"#cccccc\\\",\\\"width\\\":1,\\\"type\\\":\\\"dotted\\\"},\\\"categoryWidth\\\":\\\"auto\\\",\\\"innerPadding\\\":30,\\\"enableScroll\\\":\\\"auto\\\",\\\"maxHeight\\\":null,\\\"minWidth\\\":18,\\\"totalBarWidth\\\":null,\\\"axisLineWidth\\\":1,\\\"gridLine\\\":{\\\"enabled\\\":false,\\\"color\\\":\\\"#e6e6e6\\\",\\\"width\\\":1,\\\"type\\\":\\\"dotted\\\",\\\"position\\\":\\\"auto\\\"},\\\"maxCategoryCount\\\":null,\\\"offset\\\":null,\\\"isDefaultValue\\\":true,\\\"showBlankLabel\\\":false,\\\"position\\\":\\\"bottomOrLeft\\\",\\\"isSliderEnabled\\\":false,\\\"axisRange\\\":{\\\"enabled\\\":false,\\\"ranges\\\":[{\\\"label\\\":\\\"Min\\\",\\\"value\\\":null,\\\"formattedValue\\\":\\\"\\\"},{\\\"label\\\":\\\"Low\\\",\\\"value\\\":null,\\\"formattedValue\\\":\\\"\\\"},{\\\"label\\\":\\\"Mid\\\",\\\"value\\\":null,\\\"formattedValue\\\":\\\"\\\"},{\\\"label\\\":\\\"High\\\",\\\"value\\\":null,\\\"formattedValue\\\":\\\"\\\"}],\\\"labelStyle\\\":{\\\"fontColor\\\":\\\"#605E5C\\\",\\\"fontSize\\\":null,\\\"isBold\\\":false,\\\"isItalic\\\":false},\\\"offset\\\":0},\\\"useDateFormatByDefault\\\":false}'\"}}},\"stackedSorting\":{\"expr\":{\"Literal\":{\"Value\":\"'{\\\"sortBy\\\":\\\"Sum(Table.Informational_Duration)\\\",\\\"sortType\\\":\\\"reset\\\",\\\"includeOtherInSort\\\":false,\\\"isDefaultValue\\\":true}'\"}}},\"panelSorting\":{\"expr\":{\"Literal\":{\"Value\":\"'{\\\"sortBy\\\":\\\"Sum(Table.Informational_Duration)\\\",\\\"sortType\\\":\\\"reset\\\",\\\"includeOtherInSort\\\":false,\\\"isDefaultValue\\\":true,\\\"instanceId\\\":null}'\"}}},\"fieldsMeta\":{\"expr\":{\"Literal\":{\"Value\":\"'{\\\"AC\\\":\\\"0\\\",\\\"PY\\\":\\\"1\\\",\\\"PL\\\":\\\"2\\\",\\\"FC\\\":\\\"3\\\"}'\"}}},\"analytics\":{\"expr\":{\"Literal\":{\"Value\":\"'{\\\"instanceId\\\":null,\\\"referenceLine\\\":[{\\\"enabled\\\":true,\\\"id\\\":\\\"default-average-line\\\",\\\"title\\\":\\\"Reference Line 1\\\",\\\"orientation\\\":\\\"horizontal\\\",\\\"type\\\":\\\"average\\\",\\\"value\\\":\\\"Sum(Table.Informational_Duration)\\\",\\\"number\\\":2,\\\"constValue\\\":954.79,\\\"percentile\\\":50,\\\"stddev\\\":1,\\\"enableLineStyle\\\":true,\\\"color\\\":\\\"#999999\\\",\\\"lineStyle\\\":\\\"dashed\\\",\\\"lineWidth\\\":1,\\\"enableText\\\":true,\\\"textType\\\":\\\"both\\\",\\\"textColor\\\":\\\"#6B2328\\\",\\\"textSize\\\":12,\\\"textStyle\\\":\\\"normal\\\",\\\"labelText\\\":\\\"Avg\\\",\\\"labelXPosition\\\":0,\\\"labelYPosition\\\":5,\\\"rotation\\\":0,\\\"placement\\\":\\\"infront\\\",\\\"applyToBar\\\":false,\\\"barColor\\\":\\\"#6B2328\\\"}],\\\"referenceBand\\\":[],\\\"errorBar\\\":[],\\\"additionalSeries\\\":{\\\"enabled\\\":false,\\\"measure\\\":\\\"\\\",\\\"type\\\":\\\"pareto\\\",\\\"enableDataLabel\\\":true,\\\"dataLabelFontSize\\\":10,\\\"dataLabelColor\\\":\\\"#000000\\\",\\\"displayAxis\\\":false,\\\"lineColor\\\":\\\"#AAAAAA\\\",\\\"lineStyle\\\":\\\"solid\\\",\\\"lineWidth\\\":1,\\\"showInLegend\\\":false,\\\"textStyle\\\":\\\"normal\\\"},\\\"trendLine\\\":{\\\"enabled\\\":false,\\\"type\\\":\\\"linear\\\",\\\"lineColor\\\":\\\"#C21111\\\",\\\"lineStyle\\\":\\\"solid\\\",\\\"displayEquation\\\":false,\\\"measure\\\":\\\"\\\",\\\"lineWidth\\\":1,\\\"showInLegend\\\":false,\\\"fontSize\\\":13,\\\"fontColor\\\":\\\"#C21111\\\",\\\"textStyle\\\":\\\"normal\\\",\\\"labelXPosition\\\":0,\\\"labelYPosition\\\":0,\\\"rotation\\\":0}}'\"}}},\"categoryIndexMap\":{\"expr\":{\"Literal\":{\"Value\":\"'{\\\"R0-%-blank-axis-row\\\":0,\\\"OTHERS_GROUP\\\":1}'\"}}},\"multiRowCard\":{\"expr\":{\"Literal\":{\"Value\":\"'{\\\"multiRowCardEnabled\\\":false,\\\"position\\\":\\\"top\\\",\\\"template\\\":{\\\"instanceId\\\":\\\"DEFAULT_VISUAL_INSTANCE\\\",\\\"id\\\":\\\"NONE\\\",\\\"previousId\\\":\\\"NONE\\\",\\\"rendererType\\\":\\\"columnChart\\\",\\\"chartType\\\":\\\"columnChart\\\",\\\"chartOrientation\\\":\\\"vertical\\\",\\\"groupInfo\\\":{\\\"groupType\\\":\\\"actual\\\",\\\"previousGroupType\\\":\\\"actual\\\",\\\"groupId\\\":\\\"NO_GROUP\\\",\\\"previousGroupId\\\":\\\"NO_GROUP\\\",\\\"expandedGroupMeta\\\":{\\\"expandedGroupId\\\":null,\\\"previousExpandedGroupId\\\":null,\\\"parentGroupId\\\":null,\\\"allSelectedFieldQueryNames\\\":[]}},\\\"groupedBarEnabled\\\":true,\\\"actualChartType\\\":\\\"groupedBar\\\",\\\"templateChanged\\\":true,\\\"fromToolbar\\\":false,\\\"isOrientChanged\\\":false,\\\"isUserChangedTemplateID\\\":true},\\\"bulletConfig\\\":{\\\"actual\\\":\\\"\\\",\\\"target\\\":\\\"\\\",\\\"additionalTarget\\\":\\\"\\\",\\\"actualConfig\\\":{\\\"type\\\":\\\"bar\\\",\\\"markerSize\\\":\\\"medium\\\",\\\"color\\\":\\\"#262626\\\"},\\\"targetConfig\\\":{\\\"type\\\":\\\"line\\\",\\\"markerSize\\\":\\\"medium\\\",\\\"color\\\":\\\"#515151\\\"},\\\"additionalTargetConfig\\\":{\\\"type\\\":\\\"arrow\\\",\\\"markerSize\\\":\\\"medium\\\",\\\"color\\\":\\\"\\\"},\\\"progressConfig\\\":{\\\"actual\\\":\\\"\\\",\\\"target\\\":\\\"\\\",\\\"style\\\":\\\"curve\\\",\\\"type\\\":\\\"progress\\\",\\\"label\\\":\\\"value\\\",\\\"value\\\":null,\\\"trackBackground\\\":\\\"#d3d3d3\\\"},\\\"style\\\":{\\\"actualPattern\\\":\\\"solid\\\",\\\"actualLineStyle\\\":\\\"solid\\\",\\\"targetPattern\\\":\\\"solid\\\",\\\"targetLineStyle\\\":\\\"solid\\\",\\\"additionalTargetPattern\\\":\\\"solid\\\",\\\"additionalTargetLineStyle\\\":\\\"solid\\\",\\\"variancePattern\\\":\\\"solid\\\"},\\\"bulletComparisonBand\\\":{\\\"bandModified\\\":false,\\\"dynamic\\\":false,\\\"showInLegend\\\":false,\\\"basedOn\\\":\\\"maxValue\\\",\\\"noOfBands\\\":3,\\\"flip\\\":false,\\\"divergingColors\\\":false,\\\"setLabel\\\":false,\\\"rangeConfig\\\":[{\\\"name\\\":\\\"Band 1\\\",\\\"fromPercentageValue\\\":0,\\\"toPercentageValue\\\":33,\\\"color\\\":\\\"\\\"},{\\\"name\\\":\\\"Band 2\\\",\\\"fromPercentageValue\\\":33,\\\"toPercentageValue\\\":66,\\\"color\\\":\\\"\\\"},{\\\"name\\\":\\\"Band 3\\\",\\\"fromPercentageValue\\\":66,\\\"toPercentageValue\\\":100,\\\"color\\\":\\\"\\\"}]},\\\"statisticalConfig\\\":{\\\"marker\\\":true,\\\"roundedEdge\\\":false,\\\"extendBaseline\\\":false,\\\"stemColor\\\":\\\"#A6A6A6\\\"},\\\"measureUpdated\\\":false,\\\"MIGRATION_FLAG\\\":true},\\\"numberFormatting\\\":{\\\"enabled\\\":true,\\\"ibcsformat\\\":false,\\\"thousandSeparator\\\":\\\",\\\",\\\"decimalSeparator\\\":\\\".\\\",\\\"noOfDecimal\\\":1,\\\"noOfDecimalPercent\\\":2,\\\"prefix\\\":\\\"\\\",\\\"suffix\\\":\\\"\\\",\\\"scalingFactor\\\":\\\"auto\\\",\\\"showScalingUnit\\\":true,\\\"semanticFormatting\\\":true,\\\"showValueColor\\\":false,\\\"positiveValueColor\\\":\\\"#82ba00\\\",\\\"positiveValueFormat\\\":\\\"x\\\",\\\"negativeValueColor\\\":\\\"#ff000a\\\",\\\"negativeValueFormat\\\":\\\"-x\\\",\\\"showNullAs\\\":\\\"hidden\\\",\\\"showZeroAs\\\":\\\"0\\\",\\\"includeBetweenSign\\\":false,\\\"customFormat\\\":{\\\"ΔFC\\\":{\\\"enabled\\\":false,\\\"noOfDecimal\\\":1,\\\"prefix\\\":\\\"\\\",\\\"suffix\\\":\\\"\\\",\\\"scalingFactor\\\":\\\"auto\\\"},\\\"ΔPY\\\":{\\\"enabled\\\":false,\\\"noOfDecimal\\\":1,\\\"prefix\\\":\\\"\\\",\\\"suffix\\\":\\\"\\\",\\\"scalingFactor\\\":\\\"auto\\\"},\\\"ΔPL\\\":{\\\"enabled\\\":false,\\\"noOfDecimal\\\":1,\\\"prefix\\\":\\\"\\\",\\\"suffix\\\":\\\"\\\",\\\"scalingFactor\\\":\\\"auto\\\"},\\\"ΔØ\\\":{\\\"enabled\\\":false,\\\"noOfDecimal\\\":1,\\\"prefix\\\":\\\"\\\",\\\"suffix\\\":\\\"\\\",\\\"scalingFactor\\\":\\\"auto\\\"},\\\"ΔFC%\\\":{\\\"enabled\\\":false,\\\"noOfDecimal\\\":1,\\\"prefix\\\":\\\"\\\",\\\"suffix\\\":\\\"\\\",\\\"scalingFactor\\\":\\\"percentage\\\"},\\\"ΔPY%\\\":{\\\"enabled\\\":false,\\\"noOfDecimal\\\":1,\\\"prefix\\\":\\\"\\\",\\\"suffix\\\":\\\"\\\",\\\"scalingFactor\\\":\\\"percentage\\\"},\\\"ΔPL%\\\":{\\\"enabled\\\":false,\\\"noOfDecimal\\\":1,\\\"prefix\\\":\\\"\\\",\\\"suffix\\\":\\\"\\\",\\\"scalingFactor\\\":\\\"percentage\\\"},\\\"ΔØ%\\\":{\\\"enabled\\\":false,\\\"noOfDecimal\\\":1,\\\"prefix\\\":\\\"\\\",\\\"suffix\\\":\\\"\\\",\\\"scalingFactor\\\":\\\"percentage\\\"},\\\"Ø\\\":{\\\"enabled\\\":false,\\\"noOfDecimal\\\":1,\\\"prefix\\\":\\\"\\\",\\\"suffix\\\":\\\"\\\",\\\"scalingFactor\\\":\\\"auto\\\"},\\\"total\\\":{\\\"enabled\\\":false,\\\"noOfDecimal\\\":1,\\\"prefix\\\":\\\"\\\",\\\"suffix\\\":\\\"\\\",\\\"scalingFactor\\\":\\\"auto\\\"}},\\\"isIndividual\\\":false,\\\"isCustomUnitLabel\\\":false,\\\"shortUnitText\\\":{\\\"thousands\\\":\\\"k\\\",\\\"billions\\\":\\\"b\\\",\\\"millions\\\":\\\"m\\\",\\\"trillions\\\":\\\"t\\\",\\\"percentagePoints\\\":\\\"pp\\\",\\\"basisPoints\\\":\\\"bps\\\"},\\\"longUnitText\\\":{\\\"thousands\\\":\\\"in Thousands\\\",\\\"billions\\\":\\\"in Billions\\\",\\\"millions\\\":\\\"in Millions\\\",\\\"trillions\\\":\\\"in Trillions\\\"},\\\"kpiTotalType\\\":\\\"native\\\",\\\"displayScalingIn\\\":\\\"title\\\",\\\"tableFormatType\\\":\\\"auto\\\",\\\"showInPP\\\":false,\\\"showInBPS\\\":false,\\\"enforceSign\\\":false},\\\"autoScaling\\\":\\\"auto\\\",\\\"instanceId\\\":null}'\"}}},\"measureConfig\":{\"expr\":{\"Literal\":{\"Value\":\"'{\\\"instanceId\\\":\\\"DEFAULT_VISUAL_INSTANCE\\\",\\\"config\\\":[{\\\"role\\\":\\\"AC\\\",\\\"isVisible\\\":true,\\\"enable\\\":true,\\\"chart\\\":\\\"groupedBar\\\",\\\"type\\\":\\\"ACTUAL\\\",\\\"order\\\":0,\\\"calcFormula\\\":\\\"\\\",\\\"isWaterfallMeasure\\\":false,\\\"yAxis\\\":\\\"yAxis1\\\",\\\"isTrellis\\\":false,\\\"dimension\\\":null}]}'\"}}},\"toolbar\":{\"expr\":{\"Literal\":{\"Value\":\"'{\\\"isPinned\\\":false,\\\"showTabContent\\\":true,\\\"isEditMode\\\":true,\\\"showOnHover\\\":false,\\\"isDropDownOpen\\\":false,\\\"toolbarView\\\":\\\"full\\\",\\\"previousToolbarType\\\":\\\"\\\",\\\"isSwitchedToFocusView\\\":false,\\\"isFloatingToolbar\\\":false,\\\"showOnObjectInteraction\\\":true,\\\"floatingView\\\":{\\\"isFloatingView\\\":true,\\\"showFloatingIcon\\\":false,\\\"showFloatingMenu\\\":false,\\\"showFocusToolbar\\\":false,\\\"pushToFocusMode\\\":false,\\\"prevContainerWidth\\\":null,\\\"prevContainerHeight\\\":null}}'\"}}},\"measuresAsRows\":{\"expr\":{\"Literal\":{\"Value\":\"'{\\\"instanceId\\\":null,\\\"enabled\\\":false,\\\"groupingIgnoredMeasures\\\":{},\\\"isDirty\\\":false,\\\"templateId\\\":null}'\"}}},\"skippedRows\":{\"expr\":{\"Literal\":{\"Value\":\"'{\\\"skippedRows\\\":{},\\\"hiddenRows\\\":{}}'\"}}},\"seriesLabels\":{\"expr\":{\"Literal\":{\"Value\":\"'{\\\"labels\\\":[]}'\"}}},\"tableGrid\":{\"expr\":{\"Literal\":{\"Value\":\"'{\\\"minorGridLineHorizontalColor\\\":null,\\\"minorGridLineVerticalColor\\\":null,\\\"majorGridLineColor\\\":null,\\\"headerColor\\\":null,\\\"skipLine\\\":1,\\\"outLineEnabled\\\":false,\\\"outlineColor\\\":\\\"#a6a6a6\\\",\\\"majorGridLine\\\":\\\"single\\\",\\\"minorGridLineHorizontal\\\":\\\"solid\\\",\\\"minorGridLineVertical\\\":\\\"solid\\\",\\\"enableHeader\\\":true}'\"}}},\"columnFieldsMapping\":{\"expr\":{\"Literal\":{\"Value\":\"'{\\\"axis\\\":[],\\\"row\\\":[],\\\"column\\\":[],\\\"stack\\\":[],\\\"storedConfig\\\":{},\\\"linearTrellis\\\":false,\\\"defaultBucket\\\":\\\"auto\\\",\\\"isDirty\\\":false,\\\"isDefaultAssignment\\\":true,\\\"activeAxisBucket\\\":[{\\\"name\\\":\\\"blank-axis-row\\\",\\\"hierarchy\\\":\\\"blank-axis-row\\\",\\\"hierarchyLevel\\\":0,\\\"from\\\":\\\"group\\\",\\\"fromOrder\\\":0}],\\\"drillToNextLevel\\\":{\\\"active\\\":false,\\\"level\\\":0},\\\"manuallyRemovedCategories\\\":[],\\\"expandedRow\\\":[]}'\"}}},\"secondaryVisualsState\":{\"expr\":{\"Literal\":{\"Value\":\"'{\\\"textMode\\\":{\\\"showEditor\\\":false,\\\"text\\\":\\\"\\\",\\\"bgColor\\\":\\\"transparent\\\",\\\"verticalAlign\\\":\\\"flex-start\\\",\\\"fromThemeEngine\\\":true},\\\"shapeMode\\\":{\\\"invalidMsg\\\":\\\"\\\",\\\"shapeStyles\\\":{\\\"backgroundColor\\\":\\\"#e6e6e6\\\",\\\"border\\\":{\\\"borderColor\\\":\\\"#000\\\",\\\"borderStyle\\\":\\\"solid\\\",\\\"borderRadius\\\":0,\\\"borderSide\\\":\\\"all\\\",\\\"borderSize\\\":0,\\\"isCustomBorderSize\\\":false,\\\"isCustomBorderRadius\\\":false},\\\"padding\\\":{\\\"paddingSide\\\":\\\"all\\\",\\\"paddingSize\\\":0,\\\"isCustomPaddingSize\\\":false},\\\"shadow\\\":{\\\"shadowBlur\\\":0,\\\"shadowColor\\\":\\\"#000\\\",\\\"shadowSide\\\":\\\"center\\\",\\\"shadowSize\\\":0}},\\\"rotate\\\":\\\"0deg\\\",\\\"isCustomRotate\\\":false},\\\"imageMode\\\":{\\\"uri\\\":\\\"\\\",\\\"rotate\\\":0,\\\"objectFit\\\":\\\"contain\\\",\\\"invalidMsg\\\":\\\"\\\",\\\"imageName\\\":null},\\\"navigatorTabs\\\":{\\\"activeTabIndex\\\":[0],\\\"orientation\\\":\\\"horizontal\\\",\\\"iconProperties\\\":{\\\"iconMapping\\\":{},\\\"iconDimension\\\":{\\\"height\\\":40,\\\"width\\\":40},\\\"iconPosition\\\":\\\"left\\\",\\\"iconPadding\\\":5,\\\"isCustomIconPadding\\\":false,\\\"isDefaultIcon\\\":false},\\\"invalidMsg\\\":\\\"\\\",\\\"tabType\\\":\\\"text\\\",\\\"tabSetup\\\":{\\\"isStaticSize\\\":false,\\\"tabSize\\\":200,\\\"isCustomTabSize\\\":false,\\\"gridProperties\\\":{\\\"isCustomGridValue\\\":false,\\\"isCustomGrid\\\":false,\\\"gridSize\\\":{\\\"rowSize\\\":2,\\\"columnSize\\\":2}},\\\"showScrollButton\\\":true,\\\"scrollDirection\\\":\\\"horizontal\\\"},\\\"tabStyles\\\":{\\\"tabGap\\\":{\\\"tabGapSize\\\":10,\\\"isCustomTabGap\\\":false},\\\"activeTabStyles\\\":{\\\"backgroundColor\\\":\\\"#000\\\",\\\"color\\\":\\\"#fff\\\",\\\"padding\\\":{\\\"paddingLeft\\\":10,\\\"paddingRight\\\":10,\\\"paddingTop\\\":10,\\\"paddingBottom\\\":10},\\\"shadow\\\":{\\\"shadowBlur\\\":0,\\\"shadowColor\\\":\\\"#000\\\",\\\"shadowSide\\\":\\\"center\\\",\\\"shadowSize\\\":0},\\\"border\\\":{\\\"borderLeft\\\":1,\\\"borderRight\\\":1,\\\"borderTop\\\":1,\\\"borderBottom\\\":1,\\\"borderRadius\\\":0,\\\"borderColor\\\":\\\"#000\\\",\\\"isCustomBorderRadius\\\":false},\\\"fontStyles\\\":{\\\"fontFamily\\\":\\\"\\\\\\\"Segoe UI\\\\\\\", wf_segoe-ui_normal, helvetica, arial, sans-serif\\\",\\\"fontSize\\\":14,\\\"isBold\\\":false,\\\"isItalic\\\":false}},\\\"inActiveTabStyles\\\":{\\\"backgroundColor\\\":\\\"#fff\\\",\\\"color\\\":\\\"#000\\\",\\\"padding\\\":{\\\"paddingLeft\\\":10,\\\"paddingRight\\\":10,\\\"paddingTop\\\":10,\\\"paddingBottom\\\":10},\\\"shadow\\\":{\\\"shadowBlur\\\":0,\\\"shadowColor\\\":\\\"#000\\\",\\\"shadowSide\\\":\\\"center\\\",\\\"shadowSize\\\":0},\\\"border\\\":{\\\"borderLeft\\\":1,\\\"borderRight\\\":1,\\\"borderTop\\\":1,\\\"borderBottom\\\":1,\\\"borderRadius\\\":0,\\\"borderColor\\\":\\\"#000\\\",\\\"isCustomBorderRadius\\\":false},\\\"fontStyles\\\":{\\\"fontFamily\\\":\\\"\\\\\\\"Segoe UI\\\\\\\", wf_segoe-ui_normal, helvetica, arial, sans-serif\\\",\\\"fontSize\\\":14,\\\"isBold\\\":false,\\\"isItalic\\\":false}},\\\"styleSync\\\":{\\\"border\\\":true,\\\"shadow\\\":true,\\\"padding\\\":true,\\\"color\\\":false},\\\"syncStyles\\\":false},\\\"fontStyles\\\":{\\\"isBold\\\":false,\\\"isItalic\\\":false,\\\"fontSize\\\":14}},\\\"navigatorBoards\\\":{\\\"activeTabIndex\\\":[0],\\\"orientation\\\":\\\"horizontal\\\",\\\"iconProperties\\\":{\\\"iconMapping\\\":{},\\\"iconDimension\\\":{\\\"height\\\":40,\\\"width\\\":40},\\\"iconPosition\\\":\\\"left\\\",\\\"iconPadding\\\":5,\\\"isCustomIconPadding\\\":false,\\\"isDefaultIcon\\\":false},\\\"invalidMsg\\\":\\\"\\\",\\\"tabType\\\":\\\"text\\\",\\\"tabSetup\\\":{\\\"isStaticSize\\\":false,\\\"tabSize\\\":200,\\\"isCustomTabSize\\\":false,\\\"gridProperties\\\":{\\\"isCustomGridValue\\\":false,\\\"isCustomGrid\\\":false,\\\"gridSize\\\":{\\\"rowSize\\\":2,\\\"columnSize\\\":2}},\\\"showScrollButton\\\":true,\\\"scrollDirection\\\":\\\"horizontal\\\"},\\\"tabStyles\\\":{\\\"tabGap\\\":{\\\"tabGapSize\\\":10,\\\"isCustomTabGap\\\":false},\\\"activeTabStyles\\\":{\\\"backgroundColor\\\":\\\"#000\\\",\\\"color\\\":\\\"#fff\\\",\\\"padding\\\":{\\\"paddingLeft\\\":10,\\\"paddingRight\\\":10,\\\"paddingTop\\\":10,\\\"paddingBottom\\\":10},\\\"shadow\\\":{\\\"shadowBlur\\\":0,\\\"shadowColor\\\":\\\"#000\\\",\\\"shadowSide\\\":\\\"center\\\",\\\"shadowSize\\\":0},\\\"border\\\":{\\\"borderLeft\\\":1,\\\"borderRight\\\":1,\\\"borderTop\\\":1,\\\"borderBottom\\\":1,\\\"borderRadius\\\":0,\\\"borderColor\\\":\\\"#000\\\",\\\"isCustomBorderRadius\\\":false},\\\"fontStyles\\\":{\\\"fontFamily\\\":\\\"\\\\\\\"Segoe UI\\\\\\\", wf_segoe-ui_normal, helvetica, arial, sans-serif\\\",\\\"fontSize\\\":14,\\\"isBold\\\":false,\\\"isItalic\\\":false}},\\\"inActiveTabStyles\\\":{\\\"backgroundColor\\\":\\\"#fff\\\",\\\"color\\\":\\\"#000\\\",\\\"padding\\\":{\\\"paddingLeft\\\":10,\\\"paddingRight\\\":10,\\\"paddingTop\\\":10,\\\"paddingBottom\\\":10},\\\"shadow\\\":{\\\"shadowBlur\\\":0,\\\"shadowColor\\\":\\\"#000\\\",\\\"shadowSide\\\":\\\"center\\\",\\\"shadowSize\\\":0},\\\"border\\\":{\\\"borderLeft\\\":1,\\\"borderRight\\\":1,\\\"borderTop\\\":1,\\\"borderBottom\\\":1,\\\"borderRadius\\\":0,\\\"borderColor\\\":\\\"#000\\\",\\\"isCustomBorderRadius\\\":false},\\\"fontStyles\\\":{\\\"fontFamily\\\":\\\"\\\\\\\"Segoe UI\\\\\\\", wf_segoe-ui_normal, helvetica, arial, sans-serif\\\",\\\"fontSize\\\":14,\\\"isBold\\\":false,\\\"isItalic\\\":false}},\\\"styleSync\\\":{\\\"border\\\":true,\\\"shadow\\\":true,\\\"padding\\\":true,\\\"color\\\":false},\\\"syncStyles\\\":false},\\\"fontStyles\\\":{\\\"isBold\\\":false,\\\"isItalic\\\":false,\\\"fontSize\\\":14}},\\\"navigatorButtons\\\":{\\\"activeTabIndex\\\":[0],\\\"orientation\\\":\\\"horizontal\\\",\\\"iconProperties\\\":{\\\"iconMapping\\\":{},\\\"iconDimension\\\":{\\\"height\\\":40,\\\"width\\\":40},\\\"iconPosition\\\":\\\"left\\\",\\\"iconPadding\\\":5,\\\"isCustomIconPadding\\\":false,\\\"isDefaultIcon\\\":false},\\\"invalidMsg\\\":\\\"\\\",\\\"tabType\\\":\\\"text\\\",\\\"tabSetup\\\":{\\\"isStaticSize\\\":false,\\\"tabSize\\\":200,\\\"isCustomTabSize\\\":false,\\\"gridProperties\\\":{\\\"isCustomGridValue\\\":false,\\\"isCustomGrid\\\":false,\\\"gridSize\\\":{\\\"rowSize\\\":2,\\\"columnSize\\\":2}},\\\"showScrollButton\\\":true,\\\"scrollDirection\\\":\\\"horizontal\\\"},\\\"tabStyles\\\":{\\\"tabGap\\\":{\\\"tabGapSize\\\":10,\\\"isCustomTabGap\\\":false},\\\"activeTabStyles\\\":{\\\"backgroundColor\\\":\\\"#000\\\",\\\"color\\\":\\\"#fff\\\",\\\"padding\\\":{\\\"paddingLeft\\\":10,\\\"paddingRight\\\":10,\\\"paddingTop\\\":10,\\\"paddingBottom\\\":10},\\\"shadow\\\":{\\\"shadowBlur\\\":0,\\\"shadowColor\\\":\\\"#000\\\",\\\"shadowSide\\\":\\\"center\\\",\\\"shadowSize\\\":0},\\\"border\\\":{\\\"borderLeft\\\":1,\\\"borderRight\\\":1,\\\"borderTop\\\":1,\\\"borderBottom\\\":1,\\\"borderRadius\\\":0,\\\"borderColor\\\":\\\"#000\\\",\\\"isCustomBorderRadius\\\":false},\\\"fontStyles\\\":{\\\"fontFamily\\\":\\\"\\\\\\\"Segoe UI\\\\\\\", wf_segoe-ui_normal, helvetica, arial, sans-serif\\\",\\\"fontSize\\\":14,\\\"isBold\\\":false,\\\"isItalic\\\":false}},\\\"inActiveTabStyles\\\":{\\\"backgroundColor\\\":\\\"#fff\\\",\\\"color\\\":\\\"#000\\\",\\\"padding\\\":{\\\"paddingLeft\\\":10,\\\"paddingRight\\\":10,\\\"paddingTop\\\":10,\\\"paddingBottom\\\":10},\\\"shadow\\\":{\\\"shadowBlur\\\":0,\\\"shadowColor\\\":\\\"#000\\\",\\\"shadowSide\\\":\\\"center\\\",\\\"shadowSize\\\":0},\\\"border\\\":{\\\"borderLeft\\\":1,\\\"borderRight\\\":1,\\\"borderTop\\\":1,\\\"borderBottom\\\":1,\\\"borderRadius\\\":0,\\\"borderColor\\\":\\\"#000\\\",\\\"isCustomBorderRadius\\\":false},\\\"fontStyles\\\":{\\\"fontFamily\\\":\\\"\\\\\\\"Segoe UI\\\\\\\", wf_segoe-ui_normal, helvetica, arial, sans-serif\\\",\\\"fontSize\\\":14,\\\"isBold\\\":false,\\\"isItalic\\\":false}},\\\"styleSync\\\":{\\\"border\\\":true,\\\"shadow\\\":true,\\\"padding\\\":true,\\\"color\\\":false},\\\"syncStyles\\\":false},\\\"fontStyles\\\":{\\\"isBold\\\":false,\\\"isItalic\\\":false,\\\"fontSize\\\":14},\\\"buttonAction\\\":\\\"none\\\",\\\"boardActionId\\\":null,\\\"webUrlLink\\\":null},\\\"slicer\\\":{\\\"fields\\\":[],\\\"slicerFilter\\\":[],\\\"slicerType\\\":\\\"LIST\\\",\\\"isHeaderActive\\\":true,\\\"isMultiSelect\\\":true,\\\"showSearchBar\\\":true,\\\"showSelectAll\\\":true,\\\"showClearFilter\\\":true,\\\"headerStyles\\\":{\\\"isBold\\\":false,\\\"isItalic\\\":false,\\\"fontSize\\\":13,\\\"fontFamily\\\":\\\"\\\\\\\"Segoe UI\\\\\\\", wf_segoe-ui_normal, helvetica, arial, sans-serif\\\",\\\"color\\\":\\\"#000\\\",\\\"alignment\\\":\\\"left\\\",\\\"position\\\":\\\"top\\\",\\\"gapSize\\\":2},\\\"valueStyles\\\":{\\\"isBold\\\":false,\\\"isItalic\\\":false,\\\"fontSize\\\":12,\\\"fontFamily\\\":\\\"\\\\\\\"Segoe UI\\\\\\\", wf_segoe-ui_normal, helvetica, arial, sans-serif\\\",\\\"color\\\":\\\"#000\\\"},\\\"rangeSliderStyles\\\":{\\\"headSize\\\":25,\\\"headColor\\\":\\\"#ffffff\\\",\\\"trackColor\\\":\\\"#f2f2f2\\\",\\\"trackThickness\\\":5,\\\"progressColor\\\":\\\"#333333\\\"},\\\"slicerTileStyles\\\":{\\\"activeTabIndex\\\":[0],\\\"orientation\\\":\\\"horizontal\\\",\\\"iconProperties\\\":{\\\"iconMapping\\\":{},\\\"iconDimension\\\":{\\\"height\\\":40,\\\"width\\\":40},\\\"iconPosition\\\":\\\"left\\\",\\\"iconPadding\\\":5,\\\"isCustomIconPadding\\\":false,\\\"isDefaultIcon\\\":false},\\\"invalidMsg\\\":\\\"\\\",\\\"tabType\\\":\\\"text\\\",\\\"tabSetup\\\":{\\\"isStaticSize\\\":false,\\\"tabSize\\\":200,\\\"isCustomTabSize\\\":false,\\\"gridProperties\\\":{\\\"isCustomGridValue\\\":false,\\\"isCustomGrid\\\":false,\\\"gridSize\\\":{\\\"rowSize\\\":2,\\\"columnSize\\\":2}},\\\"showScrollButton\\\":true,\\\"scrollDirection\\\":\\\"horizontal\\\"},\\\"tabStyles\\\":{\\\"tabGap\\\":{\\\"tabGapSize\\\":10,\\\"isCustomTabGap\\\":false},\\\"activeTabStyles\\\":{\\\"backgroundColor\\\":\\\"#000\\\",\\\"color\\\":\\\"#fff\\\",\\\"padding\\\":{\\\"paddingLeft\\\":10,\\\"paddingRight\\\":10,\\\"paddingTop\\\":10,\\\"paddingBottom\\\":10},\\\"shadow\\\":{\\\"shadowBlur\\\":0,\\\"shadowColor\\\":\\\"#000\\\",\\\"shadowSide\\\":\\\"center\\\",\\\"shadowSize\\\":0},\\\"border\\\":{\\\"borderLeft\\\":1,\\\"borderRight\\\":1,\\\"borderTop\\\":1,\\\"borderBottom\\\":1,\\\"borderRadius\\\":0,\\\"borderColor\\\":\\\"#000\\\",\\\"isCustomBorderRadius\\\":false},\\\"fontStyles\\\":{\\\"fontFamily\\\":\\\"\\\\\\\"Segoe UI\\\\\\\", wf_segoe-ui_normal, helvetica, arial, sans-serif\\\",\\\"fontSize\\\":14,\\\"isBold\\\":false,\\\"isItalic\\\":false}},\\\"inActiveTabStyles\\\":{\\\"backgroundColor\\\":\\\"#fff\\\",\\\"color\\\":\\\"#000\\\",\\\"padding\\\":{\\\"paddingLeft\\\":10,\\\"paddingRight\\\":10,\\\"paddingTop\\\":10,\\\"paddingBottom\\\":10},\\\"shadow\\\":{\\\"shadowBlur\\\":0,\\\"shadowColor\\\":\\\"#000\\\",\\\"shadowSide\\\":\\\"center\\\",\\\"shadowSize\\\":0},\\\"border\\\":{\\\"borderLeft\\\":1,\\\"borderRight\\\":1,\\\"borderTop\\\":1,\\\"borderBottom\\\":1,\\\"borderRadius\\\":0,\\\"borderColor\\\":\\\"#000\\\",\\\"isCustomBorderRadius\\\":false},\\\"fontStyles\\\":{\\\"fontFamily\\\":\\\"\\\\\\\"Segoe UI\\\\\\\", wf_segoe-ui_normal, helvetica, arial, sans-serif\\\",\\\"fontSize\\\":14,\\\"isBold\\\":false,\\\"isItalic\\\":false}},\\\"styleSync\\\":{\\\"border\\\":true,\\\"shadow\\\":true,\\\"padding\\\":true,\\\"color\\\":false},\\\"syncStyles\\\":false},\\\"fontStyles\\\":{\\\"isBold\\\":false,\\\"isItalic\\\":false,\\\"fontSize\\\":14}},\\\"prevNumberFormatState\\\":false}}'\"}}},\"scenarios\":{\"expr\":{\"Literal\":{\"Value\":\"'{\\\"scenarioId\\\":\\\"none\\\",\\\"previousId\\\":\\\"none\\\",\\\"appliedSettings\\\":{\\\"commonSettings\\\":false,\\\"cfProps\\\":false,\\\"appearance\\\":false,\\\"kpiControls\\\":false,\\\"trellisSettings\\\":false,\\\"sorting\\\":false,\\\"analytics\\\":false,\\\"deviationLine\\\":false}}'\"}}},\"linearXAxis\":{\"expr\":{\"Literal\":{\"Value\":\"'{\\\"show\\\":true,\\\"enabled\\\":true,\\\"label\\\":{\\\"enabled\\\":true,\\\"fontSize\\\":null,\\\"fontColor\\\":\\\"#605E5C\\\",\\\"noOfDecimal\\\":null,\\\"scalingFactor\\\":\\\"auto\\\",\\\"interval\\\":{\\\"type\\\":\\\"auto\\\",\\\"value\\\":null,\\\"formattedValue\\\":null,\\\"count\\\":null},\\\"isBold\\\":false,\\\"isItalic\\\":false,\\\"width\\\":null},\\\"title\\\":{\\\"enabled\\\":false,\\\"isBold\\\":true,\\\"isItalic\\\":false,\\\"fontSize\\\":null,\\\"fontColor\\\":\\\"#605E5C\\\",\\\"fontFamily\\\":null,\\\"text\\\":\\\"\\\",\\\"applyMeasureColor\\\":false,\\\"customTitle\\\":\\\"\\\",\\\"type\\\":\\\"auto\\\"},\\\"isSliderEnabled\\\":false,\\\"axisRange\\\":{\\\"enabled\\\":false,\\\"ranges\\\":[{\\\"label\\\":\\\"Min\\\",\\\"value\\\":null,\\\"formattedValue\\\":\\\"\\\"},{\\\"label\\\":\\\"Low\\\",\\\"value\\\":null,\\\"formattedValue\\\":\\\"\\\"},{\\\"label\\\":\\\"Mid\\\",\\\"value\\\":null,\\\"formattedValue\\\":\\\"\\\"},{\\\"label\\\":\\\"High\\\",\\\"value\\\":null,\\\"formattedValue\\\":\\\"\\\"}],\\\"labelStyle\\\":{\\\"fontColor\\\":\\\"#605E5C\\\",\\\"fontSize\\\":null,\\\"isBold\\\":false,\\\"isItalic\\\":false},\\\"offset\\\":0},\\\"lineWidth\\\":0,\\\"lineColor\\\":\\\"#333333\\\",\\\"offset\\\":null,\\\"scalingFactor\\\":null,\\\"gridLine\\\":{\\\"enabled\\\":true,\\\"color\\\":\\\"#e6e6e6\\\",\\\"width\\\":1,\\\"type\\\":\\\"dotted\\\"},\\\"prefix\\\":\\\"\\\",\\\"suffix\\\":\\\"\\\",\\\"customMinMax\\\":{\\\"enabled\\\":true,\\\"customMin\\\":null,\\\"customMax\\\":null,\\\"formattedCustomMax\\\":\\\"\\\",\\\"formattedCustomMin\\\":\\\"\\\"}}'\"}}}}}],\"visualConfig\":[{\"properties\":{\"migrationSettings\":{\"expr\":{\"Literal\":{\"Value\":\"'{\\\"v1_2_0\\\":{\\\"visualConfig\\\":{\\\"isResolved\\\":true}},\\\"v1_2_0_0\\\":{\\\"hiddenProperties\\\":{\\\"isResolved\\\":true}},\\\"v1_4_0_0\\\":{\\\"hiddenProperties\\\":{\\\"isResolved\\\":true}},\\\"v1_5_0_0\\\":{\\\"hiddenProperties\\\":{\\\"isResolved\\\":true}},\\\"v1_6_0_0\\\":{\\\"hiddenProperties\\\":{\\\"isResolved\\\":true}},\\\"v1_7_0_0\\\":{\\\"hiddenProperties\\\":{\\\"isResolved\\\":true}},\\\"v1_8_0_0\\\":{\\\"hiddenProperties\\\":{\\\"isResolved\\\":true}},\\\"v1_9_0_0\\\":{\\\"hiddenProperties\\\":{\\\"isResolved\\\":true}},\\\"v2_1_0_0\\\":{\\\"hiddenProperties\\\":{\\\"isResolved\\\":true}},\\\"v2_5_0_0\\\":{\\\"hiddenProperties\\\":{\\\"isResolved\\\":true}},\\\"v2_6_0_0\\\":{\\\"hiddenProperties\\\":{\\\"isResolved\\\":true}},\\\"v2_7_0_0\\\":{\\\"hiddenProperties\\\":{\\\"isResolved\\\":true}},\\\"v3_0_0_0\\\":{\\\"hiddenProperties\\\":{\\\"isResolved\\\":true}},\\\"v3_1_0_0\\\":{\\\"hiddenProperties\\\":{\\\"isResolved\\\":true}},\\\"v3_2_0_0\\\":{\\\"hiddenProperties\\\":{\\\"isResolved\\\":true}},\\\"v3_3_0_0\\\":{\\\"hiddenProperties\\\":{\\\"isResolved\\\":true}},\\\"v3_4_0_0\\\":{\\\"hiddenProperties\\\":{\\\"isResolved\\\":true}},\\\"v3_5_0_0\\\":{\\\"hiddenProperties\\\":{\\\"isResolved\\\":true}},\\\"v4_0_0_0\\\":{\\\"hiddenProperties\\\":{\\\"isResolved\\\":true}},\\\"v4_0_0_1\\\":{\\\"hiddenProperties\\\":{\\\"isResolved\\\":true}}}'\"}}}}}],\"license\":[{\"properties\":{\"appSourceLicence\":{\"expr\":{\"Literal\":{\"Value\":\"''\"}}}}}]}}}",
          "filters": "[]",
          "height": 485.67,
          "width": 670.87,
          "x": 9.45,
          "y": 0.00,
          "z": 0.00
        }
      ],
      "width": 1280.00
    }
  ]
}